qplume,red,green,blue,yellow,source_type_nan,source_type_pipeline,source_type_processing,source_type_tank,source_type_well
296.6767318,0,9,226,1,0,0,0,0,0
640.968143,7,13,51,1,0,0,0,1,0
1091.242729,45,72,39,17,0,0,0,1,0
420.725207,0,30,74,11,0,0,0,1,0
285.7811578,0,16,98,0,0,0,0,0,0
242.3690202,11,156,167,12,0,1,0,0,0
140.0104626,0,10,76,3,0,0,0,0,0
85.45160631,0,6,84,0,0,0,0,1,0
187.219294,0,62,42,4,0,0,0,1,0
153.294905,0,8,4,6,0,0,0,1,0
612.2835925,46,69,254,12,0,0,0,1,0
96.51639797,0,21,104,0,0,0,0,1,0
540.0119141,12,52,82,10,0,0,0,0,0
155.6382927,0,0,53,0,0,0,0,1,0
630.7864836,0,32,39,0,0,0,1,0,0
668.1475667,0,49,45,0,0,0,0,0,0
432.4084353,12,10,30,0,0,0,0,1,0
531.1021735,7,5,14,0,0,0,0,1,0
252.3347201,47,109,406,15,0,0,0,0,1
173.062009,0,21,18,0,0,0,1,0,0
534.1301957,29,21,17,8,0,0,0,1,0
349.6401022,3,100,51,1,0,0,0,1,0
174.2647683,0,23,143,0,0,0,0,0,1
467.889743,30,29,411,15,0,1,0,0,0
753.524542,18,159,270,29,0,0,0,0,0
612.3415524,28,75,73,6,0,0,0,1,0
640.9088204,48,16,67,1,0,0,0,1,0
383.749938,11,27,429,8,0,0,0,0,0
375.447796,6,25,261,0,0,0,0,1,0
419.7539721,0,30,55,20,0,0,0,1,0
381.0252811,0,37,94,12,0,0,0,1,0
111.6109464,0,15,229,0,0,0,0,1,0
1365.64517,33,66,43,28,0,0,0,1,0
391.4720024,0,22,103,6,0,0,0,1,0
934.4303004,61,104,182,14,0,0,0,1,0
629.4820655,20,63,49,29,0,0,0,0,1
667.1255234,37,39,56,1,0,0,0,0,1
385.7722524,12,26,23,1,0,0,0,0,0
487.1907336,16,31,59,12,0,0,0,0,1
120.8458942,0,25,40,0,0,0,0,1,0
238.3817356,45,46,52,10,0,1,0,0,0
205.9498017,0,30,50,0,0,0,0,0,1
170.3880868,0,9,120,0,0,0,0,1,0
361.4135527,6,47,63,2,0,0,0,1,0
227.140694,21,72,260,16,0,1,0,0,0
97.48068317,0,0,19,0,0,0,0,0,0
364.1440129,14,11,32,0,0,1,0,0,0
931.8897908,23,91,412,10,0,0,0,0,0
374.2858981,0,46,144,5,0,0,0,1,0
299.8469296,0,0,137,0,0,0,0,0,1
447.9894555,0,6,98,0,0,0,0,0,0
279.8865322,0,0,39,0,0,1,0,0,0
326.5623025,0,13,164,1,0,0,0,1,0
327.9758125,0,10,108,1,0,0,0,1,0
333.7060734,0,4,35,0,0,1,0,0,0
358.7560947,0,13,59,0,0,0,0,1,0
325.5288399,0,0,11,0,0,1,0,0,0
295.7223314,0,10,55,0,0,1,0,0,0
405.8393045,0,0,37,0,0,1,0,0,0
236.3979319,0,0,6,0,0,1,0,0,0
508.1478294,0,30,39,0,0,0,0,0,0
108.1804592,0,0,16,0,0,0,0,0,0
495.990285,15,43,247,10,0,0,0,1,0
1074.75311,51,99,297,16,0,0,0,1,0
174.2618799,9,12,89,1,0,0,0,1,0
123.8841093,0,13,64,0,0,0,0,1,0
813.08473,39,78,278,14,0,0,0,1,0
882.56483,53,133,91,27,0,0,0,1,0
200.3597647,12,37,73,0,0,0,0,1,0
118.877459,0,16,81,0,0,0,0,0,0
321.4729047,18,45,122,6,0,0,0,0,0
99.12754695,0,12,65,0,0,0,0,1,0
31.10532583,0,21,83,0,0,1,0,0,0
670.2880626,0,29,55,0,0,0,0,1,0
133.5915943,0,0,59,0,0,0,0,1,0
244.192824,11,64,192,2,0,0,0,0,0
338.6537735,12,38,39,1,0,0,0,1,0
124.1640793,0,31,48,1,0,0,0,1,0
97.66509068,0,0,115,0,0,0,0,1,0
117.8560185,0,0,204,0,0,0,0,0,0
818.4664113,46,18,25,3,0,0,0,1,0
304.964239,16,55,156,13,0,0,0,0,0
169.5962437,0,39,148,4,0,0,0,0,0
390.8180825,0,24,34,0,0,1,0,0,0
504.584706,0,79,104,15,0,0,0,0,1
440.230591,1,7,354,0,0,0,0,1,0
952.517153,32,41,362,4,0,0,0,0,0
154.7499784,0,0,35,0,0,0,0,1,0
155.21577,0,0,29,0,0,0,0,0,0
294.9165636,0,21,43,0,0,0,0,1,0
355.3981096,0,14,30,0,0,0,0,1,0
966.994118,0,44,55,8,0,0,0,0,1
922.870425,30,19,75,2,0,0,0,1,0
191.2112227,0,0,51,0,0,0,0,1,0
237.2388159,0,5,66,0,0,0,0,1,0
134.1400618,0,16,102,0,0,0,1,0,0
745.016475,33,47,91,14,0,1,0,0,0
384.5838067,0,5,27,7,0,0,0,0,1
440.389173,9,49,53,9,0,0,0,1,0
462.973832,57,59,77,21,0,0,0,0,0
849.764108,15,62,364,4,0,0,0,0,0
827.559842,64,167,271,10,0,0,0,0,0
399.3477921,8,79,183,4,0,0,0,1,0
710.047746,36,164,293,22,0,0,0,0,0
761.671264,30,57,48,30,0,0,0,0,0
773.303494,33,120,229,27,0,0,0,1,0
482.992296,15,79,484,13,0,0,0,0,1
282.0579198,0,57,192,0,0,0,0,1,0
487.3075143,0,94,257,3,0,0,0,1,0
260.6479061,0,49,73,0,0,0,0,1,0
299.5366845,0,58,199,3,0,0,0,0,0
269.6904103,0,35,137,11,0,0,0,1,0
208.3841477,0,22,195,0,0,0,0,1,0
270.1892636,0,5,41,5,0,0,0,1,0
150.616978,0,58,66,0,0,0,0,0,0
1000.84429,38,34,71,35,0,0,0,0,1
268.5315794,0,3,56,0,0,0,0,1,0
461.8515364,0,8,44,0,0,0,0,1,0
265.0963536,0,0,69,0,0,0,0,0,1
125.8877564,0,0,82,0,0,0,0,0,1
890.0119327,0,47,137,28,0,0,0,1,0
558.6170736,3,23,36,24,0,1,0,0,0
691.0449871,27,27,96,5,0,0,0,1,0
417.5715493,20,40,126,3,0,0,0,0,1
443.0984843,11,82,280,10,0,0,0,1,0
141.1086093,0,6,53,0,0,0,0,0,1
220.1651534,0,11,125,0,0,0,1,0,0
592.2450581,0,46,129,0,0,0,0,0,0
810.678039,7,109,274,20,0,0,0,0,0
462.1519058,0,141,201,5,0,1,0,0,0
195.4880121,0,40,132,5,0,0,0,0,0
128.3334776,0,4,203,0,0,0,0,0,0
287.77739,17,110,277,17,0,0,0,1,0
332.116939,19,84,219,20,0,1,0,0,0
835.602765,26,156,145,9,0,0,0,0,0
1111.36052,19,96,232,7,0,1,0,0,0
1012.5479,29,105,380,10,0,0,0,0,0
719.2792136,0,24,66,4,0,0,0,0,0
453.3897237,0,7,72,0,0,0,0,0,0
852.090745,45,68,49,12,1,0,0,0,0
298.0660454,9,110,371,2,0,1,0,0,0
654.682639,62,174,418,22,0,1,0,0,0
128.4679051,0,10,36,0,0,1,0,0,0
581.149089,50,69,338,10,0,0,0,0,0
223.3134062,0,25,278,8,0,0,0,0,0
257.1056888,0,20,48,9,0,0,0,0,0
187.5095241,0,47,71,0,0,0,0,1,0
711.368973,19,37,115,7,0,0,0,1,0
344.5577897,7,47,108,3,0,0,0,1,0
899.178387,40,22,98,12,0,0,0,1,0
409.3545105,0,106,169,0,0,0,0,0,1
357.8774998,0,21,38,0,0,0,0,1,0
151.3653413,0,64,93,0,0,0,0,0,1
200.8879729,0,36,202,1,0,0,0,0,1
80.38339024,0,18,77,0,0,0,0,0,0
524.5475137,3,21,126,16,0,0,0,1,0
787.411614,0,89,255,12,0,0,0,0,1
458.006694,65,117,112,14,0,0,0,0,0
480.4927081,0,35,58,0,0,0,0,1,0
393.7847708,29,63,300,4,0,0,0,1,0
259.7773322,6,85,149,7,0,0,0,0,1
263.4101269,8,73,128,4,0,0,0,0,0
208.1942354,0,41,188,0,0,0,0,0,0
173.3919788,0,8,16,0,0,0,0,0,0
377.612437,46,86,77,6,0,0,0,1,0
589.405903,0,39,52,8,0,0,0,0,0
82.08953503,0,0,46,0,0,0,0,0,0
189.234707,0,0,9,0,0,0,0,1,0
331.922222,0,14,4,0,0,0,0,0,1
133.2046758,0,3,20,0,0,0,0,1,0
95.22769544,0,13,32,0,0,0,0,0,1
301.3193929,11,17,15,2,0,0,0,1,0
244.1017158,27,32,16,6,0,0,0,0,1
287.9259027,0,0,22,0,0,0,0,1,0
390.8656331,15,34,124,7,0,0,0,1,0
315.4414993,0,8,23,0,0,0,0,0,0
626.7180176,0,46,61,0,0,0,0,1,0
327.65443,0,7,55,6,0,0,0,1,0
283.6500957,9,44,88,6,0,0,0,1,0
108.0801053,0,5,65,0,0,0,0,0,0
208.950273,26,45,130,12,0,0,0,0,0
133.7304542,0,0,67,0,0,0,1,0,0
112.4815818,0,0,60,0,0,0,0,0,0
1308.59624,42,131,244,16,0,1,0,0,0
235.9915744,0,28,24,11,0,0,1,0,0
308.580886,62,128,270,10,0,0,0,0,0
215.719129,15,95,116,1,0,0,0,1,0
774.395236,15,24,133,19,0,0,0,0,0
309.0585211,0,27,64,3,0,0,0,1,0
587.444976,0,45,46,5,0,0,0,0,1
103.3331823,0,18,70,0,0,0,0,0,1
310.691721,6,55,138,34,0,0,0,0,0
73.0989595,0,0,39,0,0,0,0,0,0
300.4187832,0,14,56,0,0,0,0,0,0
132.3698378,0,0,22,0,0,0,0,0,0
1039.1628,0,90,36,31,0,0,0,0,1
362.6813306,0,8,36,5,0,0,0,1,0
123.151521,6,13,61,0,0,0,0,1,0
323.2806416,0,9,12,4,0,0,0,1,0
231.3270528,0,56,97,0,0,0,0,0,1
110.2587249,0,0,94,0,0,0,0,1,0
203.715259,0,11,24,10,0,0,0,1,0
204.0046078,0,12,39,1,0,0,0,0,1
172.591013,0,136,52,0,0,0,0,0,0
201.8287608,0,3,58,0,0,0,0,1,0
429.5689055,0,14,20,6,0,0,0,1,0
305.2800749,27,52,70,2,0,0,0,0,1
342.5071516,0,64,168,14,0,0,0,0,0
396.0328547,13,34,1,29,0,0,0,0,1
402.455125,13,33,134,15,0,0,0,0,1
691.423978,33,89,40,9,0,0,0,0,1
175.0044956,0,8,30,0,0,0,0,1,0
445.280579,5,56,284,24,0,0,0,0,0
476.858185,12,53,42,9,0,1,0,0,0
209.3345854,3,10,28,8,0,1,0,0,0
123.4018373,0,0,41,4,0,1,0,0,0
107.3478433,0,8,74,0,0,0,0,0,1
515.352338,0,18,30,3,0,0,0,0,0
412.439481,19,30,100,24,0,0,0,0,0
224.7335296,0,25,28,0,0,0,0,0,0
668.255045,0,42,114,13,0,0,0,0,0
402.559668,33,35,94,0,0,0,0,1,0
190.0648689,0,0,225,0,0,0,0,1,0
788.839415,63,140,353,28,0,0,0,1,0
471.237173,56,102,314,18,0,0,0,1,0
765.224252,58,61,43,22,0,0,0,1,0
443.035536,0,50,57,22,0,0,0,0,1
323.636611,11,23,48,8,0,0,0,0,0
236.6721288,0,42,54,5,0,0,0,0,0
356.3421587,0,2,11,0,0,0,0,1,0
496.1698729,0,70,262,32,0,0,0,0,1
423.3571014,7,71,192,10,0,0,0,0,0
148.7449476,0,0,27,0,0,0,0,1,0
516.8878224,0,24,97,0,0,0,0,0,0
1094.89269,18,89,21,25,0,0,0,1,0
452.505394,15,40,134,0,0,0,0,0,0
282.3053475,0,0,9,0,0,0,0,1,0
711.9103502,0,21,13,0,0,0,0,1,0
1052.49907,36,108,329,17,0,1,0,0,0
543.146985,11,30,154,2,1,0,0,0,0
610.7701726,0,21,25,0,0,0,0,0,1
700.466586,12,35,39,1,0,0,0,1,0
663.052711,29,66,443,15,0,0,0,0,0
366.217934,7,85,51,12,0,0,0,0,0
841.178075,20,15,62,11,0,0,0,0,0
400.8218296,0,14,41,3,0,0,0,0,0
402.4530607,0,17,39,8,0,0,0,0,0
311.1256745,0,149,211,0,0,0,0,0,0
122.2130141,0,0,72,0,0,0,0,0,0
301.9736946,0,18,19,4,0,0,0,0,0
448.7270464,0,9,53,0,0,0,0,1,0
464.073251,20,135,309,10,0,0,0,0,1
751.824738,0,30,85,8,0,0,0,1,0
1088.25638,13,57,337,17,0,0,0,0,1
158.697691,0,12,20,7,0,0,0,0,1
366.7144986,0,29,50,8,0,0,0,1,0
175.4113766,0,27,170,0,0,0,0,1,0
142.8022206,0,16,18,0,0,0,0,1,0
484.478402,0,16,98,0,0,0,0,1,0
341.4959749,8,41,404,3,0,0,0,1,0
196.9833609,0,63,188,27,0,0,0,1,0
112.7832998,0,51,200,0,0,0,0,0,1
201.5655725,0,0,48,0,0,0,0,1,0
1236.464411,36,17,118,2,0,0,0,1,0
157.9988314,0,39,73,10,0,0,0,0,0
640.5125639,15,20,36,3,0,0,0,1,0
203.9094351,4,41,77,1,0,0,0,0,0
433.080613,34,98,168,27,0,0,0,1,0
1253.09758,19,150,124,20,0,0,0,0,1
325.060209,26,117,119,22,0,0,0,1,0
1249.35896,6,98,47,17,0,0,0,1,0
1118.47502,49,39,134,27,0,0,0,1,0
189.8614068,0,7,10,6,0,0,0,0,1
299.5741737,0,20,20,0,0,0,0,1,0
734.1063309,18,24,80,3,0,0,0,0,1
111.6879831,0,35,244,0,0,0,1,0,0
252.832449,0,65,62,11,0,0,0,0,0
92.1258163,0,0,45,0,0,0,0,0,0
146.1001089,0,0,101,0,0,0,0,0,1
130.861173,0,0,80,3,0,0,0,0,0
638.6757674,6,31,169,5,0,0,0,0,0
433.5998,0,29,80,0,0,0,0,1,0
378.3645472,14,10,120,2,0,1,0,0,0
99.03127016,0,0,77,0,0,0,1,0,0
154.4555633,0,16,38,0,0,0,1,0,0
130.3389045,3,13,77,2,0,1,0,0,0
300.3207879,18,31,103,5,0,0,0,0,0
288.3256937,31,7,93,0,0,1,0,0,0
217.8807562,0,15,7,5,0,1,0,0,0
130.0239617,0,52,87,0,0,0,0,0,0
256.319778,31,49,119,27,0,0,0,1,0
219.414312,0,105,247,12,0,0,0,0,0
286.452416,33,35,353,0,0,0,0,1,0
301.015525,0,20,66,0,0,0,0,0,1
719.758337,27,65,244,24,0,0,0,1,0
256.8396449,11,44,228,0,0,1,0,0,0
192.1692028,3,20,81,0,0,0,0,0,0
242.5870817,0,19,45,0,0,0,0,1,0
313.0516242,0,49,82,0,0,0,0,1,0
232.3380001,0,17,141,8,0,0,0,1,0
193.6673933,4,79,202,12,0,0,0,1,0
156.4924293,0,11,54,0,0,0,0,1,0
117.2587222,0,0,60,0,0,0,0,1,0
96.13240776,0,14,50,0,0,0,0,1,0
157.4175488,0,8,96,0,0,0,0,1,0
82.52097037,0,0,41,0,0,0,0,1,0
104.5643642,0,14,128,0,0,0,0,1,0
215.5477216,0,29,9,0,0,0,0,0,1
244.6100398,0,21,84,0,0,0,0,0,1
645.3541659,0,111,198,11,0,0,0,1,0
87.9895167,0,0,62,0,0,0,0,1,0
125.9371869,0,0,87,0,0,0,0,1,0
211.3154788,0,0,21,0,0,0,0,0,1
457.4158427,12,66,97,2,0,0,0,1,0
431.453429,0,54,82,0,0,0,0,1,0
183.0480151,0,0,29,0,0,0,0,0,1
228.006697,0,14,92,0,0,0,0,1,0
399.0673838,0,26,70,0,0,0,0,1,0
1049.043003,0,25,8,0,0,0,0,0,0
354.9423492,0,31,38,0,0,0,0,0,0
155.0322759,0,13,56,0,0,0,0,0,0
444.2123747,0,13,29,0,0,0,1,0,0
212.3855445,0,7,117,0,0,0,1,0,0
356.1062593,9,75,129,8,0,0,1,0,0
696.6065836,0,22,31,0,0,0,0,0,1
264.310519,15,36,111,13,0,0,0,0,0
394.958101,33,54,134,12,0,0,0,1,0
66.2617875,0,0,27,0,0,1,0,0,0
104.4293986,0,15,80,0,0,0,0,0,1
176.3763971,0,25,48,0,0,0,0,1,0
269.6120804,8,27,202,13,0,0,0,0,0
349.2451862,0,13,14,1,0,0,0,1,0
461.818376,16,42,74,36,0,0,0,1,0
54.9598873,0,6,0,2,0,0,0,0,0
364.7066086,0,35,79,11,0,0,0,1,0
112.0573823,0,30,43,1,0,0,0,0,1
205.0636343,0,28,56,0,0,0,0,1,0
308.3353904,0,20,35,7,0,1,0,0,0
130.657852,5,3,0,0,0,1,0,0,0
67.82004991,0,9,73,0,0,0,0,0,0
565.337083,12,22,22,8,0,0,0,1,0
312.1626218,23,13,105,1,0,0,0,1,0
368.1366908,0,26,37,14,0,0,0,1,0
187.7159182,0,12,53,0,0,0,0,0,0
153.2929911,0,0,44,0,0,0,0,0,0
78.01128896,0,0,90,0,0,0,0,1,0
539.292226,40,131,188,22,0,0,0,1,0
142.369164,0,18,40,9,0,0,0,0,1
122.3527726,0,0,93,0,0,0,0,1,0
349.5649104,0,30,67,3,0,0,0,0,1
420.1645506,0,30,6,10,0,0,0,1,0
128.5481299,0,0,192,5,0,0,0,1,0
395.1574158,0,19,6,5,0,0,0,1,0
200.4013314,0,30,133,0,0,0,0,1,0
346.7013217,0,55,147,1,0,0,0,0,1
120.1499219,0,0,44,1,0,0,0,1,0
115.0328508,0,0,38,0,0,0,0,1,0
129.8840766,0,25,47,0,0,0,0,0,0
508.368091,34,171,572,10,0,0,0,1,0
208.209727,32,89,534,2,0,0,0,1,0
683.734657,25,21,88,14,0,0,0,1,0
464.157162,0,31,112,14,0,0,0,1,0
85.89710876,0,10,534,0,0,0,0,1,0
182.1252022,0,126,442,14,0,0,0,1,0
167.4000043,15,31,181,4,0,0,0,1,0
267.2179636,0,13,37,0,0,0,0,0,1
553.9450542,30,72,66,3,0,0,0,0,0
344.8348486,17,21,135,13,0,0,0,1,0
88.69881853,0,0,30,0,0,0,0,0,1
225.6731358,4,27,526,8,0,0,0,1,0
79.47069114,0,7,87,0,0,0,0,1,0
263.1374258,0,22,46,20,0,0,0,1,0
249.8186179,0,75,258,5,0,0,0,1,0
526.5633194,0,20,15,1,0,0,0,1,0
321.4913692,0,16,23,13,0,0,0,1,0
437.4606877,0,25,123,0,0,0,0,1,0
374.8328464,0,10,7,0,0,0,0,0,1
210.1504862,0,10,54,4,0,0,0,0,1
924.8644422,0,48,119,17,0,0,0,1,0
353.351298,48,55,120,14,0,0,0,1,0
162.6657431,0,52,73,0,0,0,0,0,0
514.508194,40,33,90,10,0,0,0,0,1
332.4903373,18,55,60,3,0,0,0,0,1
435.0975627,0,17,56,0,0,0,0,0,0
414.8522961,4,38,30,12,0,0,1,0,0
489.257213,11,47,197,5,0,1,0,0,0
717.27761,50,184,326,6,0,1,0,0,0
116.2827007,0,0,24,0,0,0,0,1,0
67.7398053,0,9,41,0,0,1,0,0,0
154.1515069,0,19,22,1,0,1,0,0,0
93.14873916,0,20,77,5,0,0,0,0,1
70.86252512,0,9,8,0,0,1,0,0,0
329.3083116,41,40,192,1,0,1,0,0,0
146.5325303,0,12,68,1,0,1,0,0,0
236.8409203,0,16,14,0,0,0,0,1,0
1008.277839,0,20,21,1,0,0,0,1,0
322.2285586,0,4,37,0,0,0,0,0,1
152.1775631,0,9,48,0,0,0,0,0,0
264.4217641,0,0,29,0,0,0,0,0,0
743.0634463,0,17,90,5,1,0,0,0,0
1238.290001,4,37,42,18,1,0,0,0,0
408.706507,0,25,156,0,0,0,1,0,0
721.3190831,11,16,39,2,0,0,1,0,0
900.080639,15,39,359,1,0,0,0,0,0
805.545496,12,105,308,2,0,0,0,0,0
269.5677569,0,9,42,0,0,0,0,0,0
310.0723745,0,0,35,0,0,0,0,1,0
512.1134312,9,32,83,3,0,0,0,0,0
297.1580304,0,0,7,0,0,0,0,1,0
511.0424046,14,73,73,12,0,0,0,0,0
155.2187223,0,0,5,0,0,0,1,0,0
401.556236,0,19,12,0,0,0,0,0,1
837.52324,0,38,132,14,0,0,0,0,0
337.3426339,0,11,3,0,0,1,0,0,0
133.9276142,0,9,42,0,0,1,0,0,0
589.7625931,0,13,9,1,0,1,0,0,0
224.434651,0,23,261,0,0,0,0,1,0
745.7648187,0,37,14,8,0,0,0,1,0
773.4274759,0,24,31,5,0,0,0,1,0
259.6941181,0,8,65,0,0,0,0,1,0
208.2654262,0,10,38,0,0,0,0,0,0
322.2563108,0,10,36,0,0,0,0,0,1
233.2044762,2,28,76,0,0,0,0,1,0
588.0494941,21,27,78,0,0,0,0,1,0
595.5986296,5,29,86,1,0,0,0,0,0
174.8197763,0,22,9,0,0,0,0,1,0
287.9388672,0,9,23,5,0,0,0,1,0
640.2567866,60,146,594,38,0,0,0,0,1
301.6861807,0,19,6,0,0,0,0,0,1
264.5365945,0,3,32,0,0,0,0,0,0
560.7541526,0,14,18,0,0,0,0,1,0
743.465905,17,50,37,19,0,0,0,0,1
925.521274,18,28,22,4,0,0,0,1,0
366.6702636,0,22,9,0,0,0,0,1,0
705.769863,0,11,18,0,0,0,0,1,0
680.0035283,0,26,46,0,0,0,0,1,0
454.1681688,0,18,52,0,0,0,0,1,0
492.8728135,0,18,12,0,0,0,0,1,0
138.2006666,0,7,37,0,0,0,0,1,0
193.1375154,0,0,50,0,0,0,0,1,0
1084.55606,14,32,152,12,0,1,0,0,0
244.4931569,0,0,41,0,0,1,0,0,0
668.3299601,0,3,90,0,0,0,1,0,0
362.937378,0,4,16,0,0,1,0,0,0
131.6898665,0,0,32,0,0,1,0,0,0
334.2717549,0,12,30,0,0,0,0,0,0
251.526016,0,0,57,0,0,0,0,1,0
424.5589465,0,31,148,0,0,0,0,0,0
202.213348,0,64,174,4,0,1,0,0,0
332.2412516,0,26,112,0,0,0,0,0,1
404.2088677,0,21,46,0,0,0,0,1,0
566.167645,0,69,78,11,0,0,0,0,1
183.1236477,0,0,25,0,0,0,0,1,0
181.3816348,0,0,30,0,0,1,0,0,0
227.7878092,0,0,14,0,0,0,0,0,1
1089.281584,3,9,12,32,0,0,0,0,1
107.6138806,0,0,57,0,0,0,0,0,0
156.4139863,0,33,48,0,0,0,0,1,0
425.206775,14,49,338,4,0,0,0,0,0
132.3336515,0,13,39,0,0,0,0,0,1
602.6817932,12,8,28,2,0,0,0,0,1
895.0346982,3,21,14,3,0,0,0,0,0
250.1641769,0,44,168,0,0,0,0,0,0
348.6788434,9,32,140,17,0,0,0,1,0
324.9827892,0,8,11,0,0,0,0,1,0
133.1687084,0,0,52,0,0,0,0,0,1
104.0890944,0,0,20,0,0,0,0,1,0
178.0152817,0,0,34,0,0,0,0,1,0
150.1681728,0,0,15,0,0,1,0,0,0
291.9874931,0,0,47,0,0,0,0,0,1
248.99743,0,10,14,6,0,0,0,1,0
742.3793148,17,38,85,20,0,0,0,1,0
389.5287254,0,7,31,0,0,0,0,1,0
826.823256,23,94,108,27,0,0,0,1,0
361.252287,24,44,190,20,0,0,0,1,0
373.350129,0,20,166,15,0,0,0,1,0
439.4516965,0,11,70,0,0,0,0,1,0
222.0260909,0,0,10,0,0,0,0,0,1
741.1909568,0,48,56,12,0,0,0,1,0
439.7940545,0,16,35,1,0,0,0,0,0
378.6526065,0,15,11,1,0,0,0,1,0
743.4419339,0,54,31,16,0,0,0,1,0
621.4407882,0,133,89,4,0,0,0,1,0
716.4417295,19,20,55,2,0,0,0,1,0
227.0472822,0,0,27,0,0,0,0,1,0
127.6850158,1,17,76,0,0,0,0,1,0
387.6666558,10,34,24,7,0,0,0,0,0
204.6027808,0,0,32,0,0,0,0,0,1
228.8129985,0,9,24,0,0,0,0,0,0
308.1787441,0,8,33,3,0,0,0,0,0
384.7123477,0,35,30,0,0,0,0,1,0
645.5705893,0,10,0,5,0,0,0,1,0
841.376623,17,26,5,4,0,0,0,1,0
583.9427456,3,31,55,11,0,0,0,1,0
406.1534234,0,26,33,1,0,0,0,0,0
1333.32228,33,65,55,37,0,0,0,0,1
849.4730802,0,13,32,4,0,0,0,0,1
1271.36636,38,180,297,12,0,1,0,0,0
315.8711331,0,0,42,0,0,1,0,0,0
554.9784575,6,13,7,0,0,1,0,0,0
536.9209677,0,12,5,0,0,1,0,0,0
551.8655958,7,48,24,0,0,1,0,0,0
599.4120848,7,44,23,1,0,1,0,0,0
610.2250716,0,24,9,0,1,0,0,0,0
119.0423275,0,0,86,0,0,1,0,0,0
223.4941362,0,15,76,9,0,0,0,0,1
493.4186233,0,36,26,0,0,1,0,0,0
123.5215748,0,15,67,12,0,1,0,0,0
368.6072799,0,0,59,0,1,0,0,0,0
208.4975933,0,0,83,0,0,0,0,0,0
254.7550036,0,0,43,0,0,0,0,0,0
175.2629587,0,0,22,0,0,0,0,0,0
363.9485024,0,35,26,0,0,0,0,0,0
488.2973307,0,21,168,0,0,0,0,0,0
134.9354544,0,0,19,0,0,1,0,0,0
301.841321,0,16,35,9,0,0,0,0,0
173.9180646,0,17,156,8,0,0,0,1,0
1049.781607,8,8,50,2,0,1,0,0,0
622.7696408,0,11,160,1,0,1,0,0,0
628.0166662,0,25,22,12,0,0,0,0,1
141.0094947,0,0,12,0,0,0,0,0,1
406.362189,0,31,44,0,0,0,0,0,1
298.7825758,0,53,65,16,0,0,0,1,0
295.4592881,0,45,389,0,0,0,0,0,1
317.1648215,0,0,95,0,0,0,0,0,1
507.3705318,0,47,94,18,0,0,0,1,0
323.4578634,0,0,44,0,0,0,0,0,0
1297.16333,21,101,412,38,1,0,0,0,0
350.2859292,0,0,22,0,0,0,0,0,1
623.0888138,0,17,123,0,0,0,0,0,1
1035.059008,12,6,9,0,0,0,0,1,0
270.2508085,0,6,35,0,0,0,0,0,0
679.9480337,0,3,65,0,0,0,0,0,1
1178.445969,0,21,220,17,0,0,0,1,0
567.7611727,0,0,18,0,0,0,0,0,1
506.0466098,0,49,73,0,0,0,0,1,0
510.3749038,0,41,68,0,0,0,0,1,0
265.0820848,0,0,48,0,0,0,0,0,1
591.9129921,0,8,33,0,0,0,0,0,1
163.7955514,0,7,125,0,0,0,0,1,0
692.2293595,6,59,21,10,0,0,0,0,1
248.2805633,0,23,41,0,0,0,0,0,1
743.2646027,0,91,153,26,0,1,0,0,0
301.422957,0,0,113,0,0,1,0,0,0
580.9082749,0,27,20,0,0,0,1,0,0
371.5863615,0,0,39,0,0,0,0,0,0
376.1358148,0,0,47,0,0,1,0,0,0
595.2589302,6,25,52,0,0,1,0,0,0
510.2203818,0,15,28,0,0,1,0,0,0
370.4413858,0,42,74,0,0,0,0,0,0
482.9822814,0,47,237,4,0,0,0,1,0
517.7607324,0,0,4,0,0,1,0,0,0
514.7376707,0,0,20,0,0,1,0,0,0
607.612938,37,35,85,5,1,0,0,0,0
251.4965719,0,76,105,7,1,0,0,0,0
648.6472985,0,34,45,0,0,0,0,0,0
329.5182631,0,9,70,0,0,1,0,0,0
965.7386519,0,19,40,0,0,0,0,0,0
413.925706,3,74,296,4,0,0,0,0,1
365.07341,0,42,133,0,0,0,0,1,0
277.0082824,0,9,55,0,0,0,0,1,0
693.1867926,0,31,280,5,0,1,0,0,0
1262.22784,22,110,242,8,0,0,0,1,0
365.9615835,11,29,65,0,0,0,0,0,1
173.4446012,0,0,133,0,0,0,0,1,0
277.7942655,0,0,65,0,0,1,0,0,0
831.8247009,1,18,58,0,0,0,0,0,0
555.4126082,0,14,57,0,0,0,0,0,1
707.5260027,0,9,45,0,0,0,0,1,0
507.4007688,0,0,105,0,0,0,0,0,0
251.0166477,0,0,15,0,0,1,0,0,0
513.6569264,0,0,74,0,0,0,0,0,0
320.523905,0,22,97,0,0,0,0,1,0
307.941878,0,0,26,0,0,0,0,0,1
543.964368,0,167,427,20,0,1,0,0,0
176.155745,0,0,32,0,0,0,0,0,1
356.369557,0,13,23,0,0,0,0,0,1
608.386565,0,15,12,6,0,0,0,0,0
286.364678,0,44,103,0,0,1,0,0,0
158.202976,0,0,34,0,0,0,0,0,1
187.870523,0,20,114,0,0,0,0,0,1
968.0456365,0,88,209,16,1,0,0,0,0
592.4652667,0,11,31,0,0,1,0,0,0
463.733284,0,55,55,0,0,0,0,1,0
551.042126,30,9,196,1,0,0,0,1,0
223.230659,0,0,71,0,0,0,0,1,0
472.7786638,0,4,24,0,0,0,0,1,0
205.337193,0,3,48,0,0,1,0,0,0
655.051619,0,31,443,23,0,0,0,1,0
1057.52266,18,36,63,9,0,0,0,1,0
189.4149,0,8,87,0,0,0,0,1,0
382.248316,0,23,55,3,0,0,0,1,0
201.491225,0,6,41,0,0,1,0,0,0
133.639601,0,0,17,0,0,1,0,0,0
260.391349,0,9,32,0,0,1,0,0,0
244.663025,0,19,95,0,0,0,0,0,0
503.2589504,0,12,85,0,0,0,0,0,1
524.4614315,0,4,12,0,0,0,0,0,1
500.0758654,0,4,60,0,0,0,0,0,0
108.575437,0,0,26,0,0,0,0,0,1
277.110418,0,23,79,5,0,0,0,0,0
315.217222,0,67,362,5,0,0,0,0,1
1269.67034,0,169,299,38,0,0,0,1,0
705.862168,0,16,112,0,0,0,0,1,0
502.687769,0,24,134,0,0,0,0,0,0
518.269116,0,30,69,1,0,0,0,0,1
207.631438,0,9,31,0,0,0,0,1,0
191.409559,0,0,39,0,0,0,0,1,0
741.405412,0,17,4,0,0,0,0,1,0
263.1276294,0,0,50,0,0,0,0,0,1
227.623808,0,23,81,0,0,1,0,0,0
483.237323,0,32,50,0,0,1,0,0,0
397.8758207,0,6,44,0,0,0,0,1,0
208.6258732,0,8,21,0,0,1,0,0,0
354.127134,0,35,41,0,0,0,0,0,1
855.083639,43,82,87,24,0,0,0,0,1
655.9088,0,29,118,0,0,0,0,0,1
204.172171,0,32,28,0,0,0,0,1,0
293.493022,0,67,168,3,0,0,0,0,1
1209.04604,0,93,237,6,0,0,0,1,0
878.313168,55,111,495,5,0,0,0,0,1
175.685846,0,0,96,0,0,0,0,1,0
543.390588,10,81,201,10,0,0,0,1,0
674.209065,0,24,49,13,0,0,0,0,0
229.19714,0,5,32,0,0,0,0,1,0
260.720904,0,0,28,0,0,0,0,1,0
270.03254,0,0,22,0,0,1,0,0,0
300.828639,0,9,38,0,0,1,0,0,0
105.816564,0,0,46,0,0,0,0,0,1
261.298288,0,15,42,0,0,1,0,0,0
644.491258,0,60,238,13,0,0,0,0,1
307.45609,0,0,107,0,0,1,0,0,0
347.082974,0,14,12,0,0,1,0,0,0
477.6362554,0,0,21,0,0,0,0,0,0
560.0398247,0,0,40,0,0,0,0,0,1
313.295857,0,16,90,0,0,0,0,0,1
704.846657,65,47,383,10,0,0,0,1,0
586.9233477,7,3,46,0,0,0,0,0,0
201.15872,0,0,70,0,0,0,0,1,0
265.141765,0,0,219,0,0,0,0,0,1
1338.07924,22,85,48,26,0,0,0,0,1
708.8180108,0,28,136,10,0,1,0,0,0
297.039449,0,29,50,0,0,1,0,0,0
113.581524,0,0,182,0,0,0,0,0,1
303.173357,0,16,145,1,0,1,0,0,0
859.153607,48,80,313,0,0,1,0,0,0
454.498367,0,11,26,0,0,0,0,1,0
263.065549,0,0,25,0,0,1,0,0,0
431.984617,7,3,12,0,0,1,0,0,0
270.798139,0,10,14,0,0,1,0,0,0
356.506605,0,41,106,1,0,1,0,0,0
260.592075,0,10,33,0,0,1,0,0,0
899.886904,55,51,176,27,0,1,0,0,0
313.410648,6,1,46,0,0,1,0,0,0
165.355028,0,6,29,0,0,1,0,0,0
197.929697,0,8,135,1,0,1,0,0,0
536.456215,14,41,61,0,0,0,0,1,0
452.093638,0,23,51,8,0,1,0,0,0
165.195509,0,0,48,0,0,0,0,1,0
237.521554,0,0,6,0,0,0,0,1,0
442.924024,11,22,57,6,0,1,0,0,0
409.40012,0,51,309,1,0,0,0,0,0
90.6752379,0,0,22,0,0,1,0,0,0
285.182121,0,23,168,0,0,1,0,0,0
293.860725,0,29,61,0,0,0,0,0,0
403.424797,0,27,76,6,0,1,0,0,0
382.112823,7,40,141,0,0,1,0,0,0
229.940701,0,11,44,0,0,1,0,0,0
171.298751,0,5,23,0,0,1,0,0,0
167.07326,0,0,21,0,0,1,0,0,0
314.347538,0,31,60,1,0,1,0,0,0
226.917626,0,13,74,0,0,1,0,0,0
386.779198,0,57,51,0,0,1,0,0,0
538.265427,32,19,16,4,0,1,0,0,0
276.577879,0,8,26,0,0,1,0,0,0
529.413695,17,88,223,13,0,1,0,0,0
729.552377,3,48,442,8,0,0,0,0,0
299.415617,0,12,109,1,0,1,0,0,0
256.978326,0,9,45,0,0,1,0,0,0
674.766758,29,90,433,14,0,0,0,0,1
387.125355,29,89,437,14,0,1,0,0,0
501.787722,0,0,47,0,0,0,0,1,0
218.38457,0,0,40,0,0,0,0,1,0
119.500331,0,0,35,0,0,0,0,1,0
242.242291,0,15,39,0,0,0,0,0,1
276.69757,0,0,17,0,0,0,0,0,1
258.966266,0,14,43,0,0,1,0,0,0
300.802419,0,3,19,0,0,0,0,1,0
155.626734,0,0,38,0,1,0,0,0,0
400.156057,0,17,14,6,0,0,0,1,0
423.925871,11,14,48,10,0,1,0,0,0
560.948654,0,53,27,12,0,1,0,0,0
592.6260657,0,3,45,0,0,0,0,0,0
618.360949,0,107,356,4,0,0,0,0,0
225.52949,0,0,20,0,0,1,0,0,0
243.598194,8,10,135,0,0,1,0,0,0
182.1899985,0,0,25,0,0,0,0,0,0
455.8157177,0,18,43,0,0,0,0,0,1
491.5402651,0,14,63,0,0,0,0,1,0
758.4381953,0,42,49,0,0,0,0,0,1
1186.916156,0,15,36,10,0,0,0,1,0
515.742415,22,177,464,10,0,0,0,0,1
736.81322,7,27,85,5,0,0,0,1,0
290.694292,0,0,20,0,0,0,0,1,0
1010.99391,14,24,130,2,0,0,0,1,0
554.989454,4,62,179,4,0,0,0,1,0
425.008991,18,15,143,0,0,0,0,0,0
607.554523,0,24,14,0,0,0,0,0,0
435.7466571,0,16,33,0,0,0,0,0,1
245.9690442,0,0,14,0,0,0,0,0,0
562.3114658,0,45,74,0,0,0,0,1,0
807.8541098,0,79,102,11,0,0,0,0,1
216.297223,0,0,23,0,0,0,1,0,0
655.161923,0,116,220,0,0,0,1,0,0
503.2400683,0,47,44,0,0,0,0,0,1
291.404106,0,8,35,0,0,1,0,0,0
491.8365421,0,0,27,0,0,0,0,1,0
267.1144916,0,0,134,0,0,0,0,0,0
785.7030843,0,14,43,0,0,0,0,1,0
267.0567121,0,0,19,0,0,0,0,0,0
426.9829701,0,22,50,6,0,0,0,0,1
348.0998484,0,14,49,0,0,0,0,1,0
424.7934818,0,17,3,0,0,0,0,0,1
303.6336011,0,16,56,0,0,0,0,0,1
36.65801549,0,0,21,0,0,0,0,1,0
593.056063,11,18,44,0,0,1,0,0,0
380.0261381,0,4,15,0,0,1,0,0,0
619.326286,0,70,71,21,0,0,0,1,0
1074.76921,58,56,20,17,0,0,0,0,1
197.3676885,0,9,35,0,0,0,0,1,0
162.289125,0,1,28,0,0,0,0,1,0
431.9132581,0,0,48,0,0,0,0,1,0
507.2666134,0,9,5,0,0,0,0,1,0
171.154945,0,0,16,0,0,0,0,1,0
301.7982108,0,0,30,0,0,0,0,1,0
165.9838553,0,0,19,0,0,0,0,1,0
206.8955562,0,0,12,0,0,0,0,1,0
166.6062922,0,0,20,0,0,0,0,1,0
496.4279179,0,29,1,0,0,0,0,0,1
172.0122125,0,0,28,0,0,0,0,1,0
449.4200424,0,0,29,0,0,0,0,1,0
247.9665274,0,9,13,5,0,0,0,1,0
503.3491179,12,1,14,0,0,0,0,0,0
469.4314454,0,35,38,0,0,0,0,0,0
754.00167,60,103,270,19,0,0,0,1,0
210.999697,0,0,190,0,0,0,0,0,1
179.227633,0,0,65,0,0,0,0,1,0
268.773102,0,0,67,0,0,0,0,1,0
197.683894,0,23,185,0,0,0,0,1,0
204.410081,0,7,37,0,0,0,0,1,0
213.040442,0,6,89,0,0,0,0,1,0
144.345081,0,0,56,0,0,0,0,0,0
224.439851,0,3,229,0,0,0,0,0,1
335.232088,0,29,34,0,0,0,0,1,0
273.6194998,0,12,23,0,0,0,0,1,0
565.576404,11,30,82,6,0,1,0,0,0
292.085854,26,30,115,13,0,1,0,0,0
533.5891445,0,16,110,0,0,0,0,0,0
376.065679,1,33,114,6,0,0,0,0,0
953.689461,17,105,153,12,0,0,0,0,0
528.8342936,0,11,25,0,0,0,0,0,0
599.4331751,0,129,188,24,0,0,0,0,0
423.1430225,0,0,30,0,0,0,0,0,0
721.6024379,0,20,57,0,0,0,0,0,0
414.7912363,0,25,15,0,0,0,0,0,0
358.092631,10,21,300,13,0,0,0,0,1
616.939591,0,27,92,31,0,0,0,0,0
877.532987,25,24,53,1,0,0,0,0,1
664.544483,7,38,167,18,0,0,0,0,1
588.960685,0,31,17,0,0,0,0,0,0
437.387492,0,83,219,0,0,0,0,0,0
632.549545,0,15,25,0,0,0,0,0,0
1241.006881,0,65,253,19,0,0,0,0,0
755.1676979,3,9,1,5,0,0,0,0,0
304.863065,0,47,114,0,0,0,0,0,1
533.7885183,4,35,134,2,0,0,0,1,0
690.2986962,34,31,294,5,0,0,0,0,0
1282.31443,26,60,182,16,0,0,0,0,0
456.024362,0,24,110,9,0,0,0,1,0
481.0048662,0,6,170,0,0,0,0,0,0
1369.79751,33,25,73,6,0,0,0,1,0
419.259004,1,49,78,0,0,0,0,0,1
226.9292883,0,0,52,0,0,0,0,1,0
733.0468462,0,18,25,0,0,0,0,1,0
311.2806437,0,13,57,0,0,0,0,0,0
321.7480055,0,29,49,0,0,0,0,0,0
1084.29961,0,119,223,12,0,0,0,1,0
484.312251,0,9,27,0,0,0,0,1,0
478.7075592,0,15,99,0,0,0,0,0,0
647.3503497,13,13,43,7,0,0,0,0,1
425.7122069,0,10,18,0,0,0,0,1,0
1170.334982,14,24,139,12,0,0,0,0,1
398.7815519,0,25,8,1,0,0,0,1,0
443.005938,0,10,147,0,0,0,0,1,0
130.745098,0,0,102,0,0,0,0,1,0
375.820082,0,85,212,10,1,0,0,0,0
438.711706,0,45,48,0,0,0,0,1,0
607.0405203,0,24,107,0,0,0,0,1,0
536.2594624,0,39,78,9,0,0,0,1,0
353.2959381,0,26,33,0,0,0,0,1,0
685.3203317,0,35,57,7,0,0,0,0,0
315.6488118,0,82,215,4,0,0,0,0,0
268.9962672,0,31,109,0,0,0,0,0,0
576.9921965,0,66,23,10,0,0,0,0,0
245.1460498,0,12,47,0,0,0,0,1,0
179.492609,0,8,69,0,0,0,0,1,0
139.176348,0,0,82,0,0,0,0,1,0
1189.020413,2,114,177,28,0,0,0,0,1
682.827038,0,104,530,9,0,0,0,0,1
258.116473,0,14,40,0,0,0,0,0,0
396.9798606,0,21,204,0,0,0,1,0,0
852.112397,12,73,241,14,0,0,0,1,0
792.3369299,21,77,181,29,0,0,0,0,0
448.835297,0,125,211,2,0,0,0,1,0
1051.93075,14,162,292,34,0,0,0,0,0
378.382865,0,37,17,12,0,0,0,0,1
407.102627,0,32,289,0,0,0,0,0,0
1338.9385,21,47,121,20,0,0,0,0,1
1082.69267,29,60,21,4,0,1,0,0,0
313.976674,0,13,62,5,0,1,0,0,0
309.1426184,0,0,47,0,0,1,0,0,0
1034.41056,63,158,381,22,0,0,0,0,1
256.301006,3,19,292,1,0,0,0,0,0
706.243072,13,36,72,22,0,0,0,0,0
817.110599,12,162,217,23,0,0,0,0,0
1179.97091,9,51,66,35,1,0,0,0,0
216.232868,0,10,8,1,0,1,0,0,0
117.990454,0,10,10,0,0,0,0,1,0
197.223869,0,0,22,0,0,1,0,0,0
164.070969,0,0,101,0,0,1,0,0,0
761.7710517,17,35,170,2,0,0,1,0,0
910.0147792,17,62,397,1,0,0,1,0,0
985.3510502,28,22,102,0,0,0,1,0,0
99.4657756,0,0,0,0,0,1,0,0,0
277.079951,0,0,95,0,1,0,0,0,0
100.249373,0,23,72,0,0,0,0,0,1
142.4593267,0,10,11,9,0,0,0,0,1
95.10200706,0,19,7,11,0,0,0,0,1
106.7178697,0,5,12,4,0,0,0,0,1
182.692374,0,0,83,1,0,1,0,0,0
500.5813167,23,108,208,19,0,0,0,0,1
82.20425429,0,36,155,0,0,0,0,0,1
238.724662,0,40,20,0,0,0,0,0,1
106.8081916,0,0,116,0,0,0,0,0,1
95.9631494,0,0,126,0,0,1,0,0,0
319.377642,21,93,186,6,0,0,0,0,0
287.3232507,0,65,208,2,0,0,0,0,0
298.3280494,10,43,18,0,0,1,0,0,0
139.1301598,0,30,67,0,0,0,0,0,0
101.0014426,0,17,32,0,0,1,0,0,0
169.4743089,0,42,322,0,0,0,0,0,0
322.8870742,0,116,252,28,0,0,0,0,0
315.3950114,0,118,251,33,0,0,0,0,0
303.912962,40,115,198,6,0,1,0,0,0
232.412758,0,0,77,2,0,1,0,0,0
225.9172248,3,10,28,6,0,1,0,0,0
50.19968114,0,0,8,0,0,1,0,0,0
85.10266683,0,0,39,0,0,0,0,0,1
208.731919,15,57,159,24,0,0,0,0,1
76.73415117,0,0,9,0,0,1,0,0,0
170.7633554,0,18,52,4,0,0,0,0,1
136.6040912,0,17,73,0,0,0,0,0,1
96.27259569,0,16,178,3,0,0,0,0,0
193.6484461,0,43,18,6,0,0,0,0,1
374.5252723,0,25,37,5,0,0,0,1,0
157.4603217,22,27,508,15,0,0,0,1,0
112.730392,0,33,63,0,0,1,0,0,0
667.125676,34,54,58,30,0,0,0,1,0
85.9264646,0,0,7,0,0,0,0,1,0
504.417585,34,81,41,33,0,0,0,0,1
227.3234896,28,129,115,39,0,0,0,0,1
95.50349603,0,32,161,1,0,0,0,1,0
259.178695,0,108,53,20,0,0,0,0,1
281.431443,6,163,168,17,0,0,0,0,1
96.64074079,9,15,341,0,0,1,0,0,0
113.781573,0,0,47,0,0,0,0,1,0
137.0188082,0,0,50,0,0,0,0,0,1
404.4030279,0,62,152,23,0,0,0,0,1
106.5278305,0,50,28,0,0,0,0,0,1
98.63218203,8,15,78,1,0,0,0,1,0
119.570898,0,12,123,15,0,0,0,0,1
230.7546097,3,159,165,14,0,0,0,0,1
153.368562,21,16,107,3,0,0,0,1,0
112.9837182,0,0,71,0,0,0,0,0,1
277.0141701,24,26,41,0,0,1,0,0,0
269.4046371,0,19,25,13,0,0,0,0,1
646.765959,0,146,238,7,0,1,0,0,0
258.640233,0,0,333,1,0,1,0,0,0
159.564119,0,16,17,0,1,0,0,0,0
318.2410972,0,34,57,7,0,1,0,0,0
227.2744724,0,0,88,0,0,1,0,0,0
168.2828062,0,44,249,1,0,0,0,0,1
276.8690756,0,0,200,1,1,0,0,0,0
175.795183,0,46,187,0,0,0,0,0,1
182.805209,3,75,429,8,0,0,0,1,0
849.367083,29,41,40,6,0,0,0,1,0
604.2863354,8,12,0,8,0,0,0,1,0
1120.47036,64,53,222,7,0,0,0,1,0
247.5331961,0,13,26,0,0,1,0,0,0
849.407667,31,96,263,24,0,0,0,1,0
471.719156,17,53,412,3,0,0,0,1,0
412.4236475,0,47,193,0,0,0,0,1,0
286.8323533,0,18,18,0,0,0,0,1,0
657.6337649,0,69,24,15,0,0,0,0,1
64.56976057,0,0,23,0,0,0,0,1,0
187.4819934,0,33,50,0,0,0,0,1,0
163.8126212,0,0,27,0,0,0,0,1,0
299.8548115,0,0,52,0,0,0,0,1,0
204.5212855,0,0,28,0,0,0,0,1,0
229.6335914,0,1,21,4,0,0,0,1,0
636.011118,0,98,307,39,0,0,0,0,1
586.618901,7,12,18,5,0,0,0,1,0
263.8044218,0,8,44,0,0,0,0,0,1
183.8292803,11,18,59,0,0,0,0,0,0
96.49426038,0,0,34,0,0,0,0,0,0
187.187412,0,0,15,0,0,0,0,1,0
536.284614,39,79,46,9,0,0,0,1,0
495.500993,44,54,282,8,0,0,0,0,1
134.2236418,0,0,27,0,0,0,0,0,1
266.0471689,0,11,1,0,0,0,0,1,0
153.5663406,0,6,69,0,0,0,0,1,0
383.0564673,0,15,9,0,0,0,0,1,0
272.3306786,0,13,36,3,0,1,0,0,0
179.305443,0,0,45,0,0,0,0,1,0
267.6115059,0,0,95,0,0,1,0,0,0
134.4074175,0,0,9,0,0,0,0,0,1
37.9251528,0,0,3,0,0,0,0,0,1
70.601572,0,0,15,0,0,0,0,0,0
246.2577821,0,4,63,0,0,0,1,0,0
348.33197,0,43,80,16,0,0,0,1,0
677.24751,21,64,340,20,0,0,0,0,0
397.676627,0,51,50,2,0,0,0,0,1
295.7763851,4,33,153,0,0,0,0,1,0
426.6576843,0,0,44,0,0,0,0,1,0
231.7614269,0,0,52,0,0,0,0,1,0
176.6543855,0,8,67,0,0,0,0,0,0
282.9425158,0,8,28,0,0,0,0,1,0
433.039451,20,16,73,8,0,0,0,0,0
251.41996,0,39,84,5,0,0,0,0,0
183.7841666,0,12,37,1,0,1,0,0,0
244.4793418,0,14,53,0,0,0,1,0,0
151.9979581,0,7,56,0,0,0,0,0,0
222.6721746,0,27,18,0,0,0,0,0,0
200.105599,41,64,189,13,0,1,0,0,0
665.36446,17,45,214,11,0,0,0,0,1
747.588136,7,119,316,21,0,0,0,0,1
601.733064,20,49,64,8,0,0,0,1,0
765.176422,64,72,86,9,0,0,0,1,0
387.096503,31,70,25,30,0,0,0,0,1
825.453908,15,16,95,6,0,0,0,0,0
835.397245,23,67,34,8,0,0,0,1,0
207.146359,5,18,227,1,0,0,1,0,0
254.47239,0,14,16,0,0,0,0,0,0
308.4374723,5,20,59,7,0,0,0,0,1
391.8041574,0,22,19,8,0,0,0,0,1
287.0406823,0,9,62,8,0,0,0,1,0
525.5872394,4,101,327,17,0,0,0,0,1
284.3666268,0,11,90,0,0,0,0,1,0
202.3555635,0,21,14,0,0,0,0,1,0
410.5937554,0,25,34,0,0,0,0,1,0
125.0347609,0,0,54,0,0,0,0,1,0
599.8847431,0,48,66,21,0,0,0,0,1
196.9375903,0,0,42,0,0,0,0,1,0
327.7153497,0,65,111,13,0,0,0,0,1
401.1348984,20,100,78,24,0,0,0,1,0
268.3658708,0,7,3,5,0,0,0,1,0
127.9432165,0,6,51,6,0,0,0,1,0
126.6102038,0,0,50,0,0,0,0,0,1
217.150109,0,17,95,0,0,0,0,1,0
86.56117277,0,0,56,0,0,0,0,0,1
273.7107425,2,30,94,4,0,0,0,1,0
252.2182422,0,73,98,0,0,0,0,0,1
238.5899212,0,12,71,4,0,0,0,0,1
160.146914,0,0,9,0,0,0,0,1,0
160.5284041,0,0,34,0,0,0,0,1,0
273.8941703,0,21,62,1,0,0,0,0,0
231.4785257,5,10,45,1,0,0,0,0,1
584.275979,22,20,58,0,0,0,0,1,0
522.446585,26,33,137,1,0,0,0,0,1
195.9586935,0,0,47,0,0,0,0,1,0
269.2395598,0,35,41,4,0,0,0,1,0
55.60826254,0,0,27,0,0,0,0,1,0
162.0335432,0,0,19,0,0,0,0,1,0
168.7704085,0,0,43,0,0,0,0,0,1
213.6302403,0,16,111,1,0,0,0,0,1
282.132462,0,49,183,18,0,1,0,0,0
147.7184574,0,10,33,0,0,0,0,0,0
165.4659152,0,15,13,0,0,0,0,0,0
1104.770641,0,69,38,8,0,0,0,0,0
345.0387512,0,10,8,1,0,1,0,0,0
329.5124771,0,11,11,0,0,1,0,0,0
277.8875915,0,9,25,0,0,1,0,0,0
261.6485732,0,0,153,0,0,0,1,0,0
246.2011017,0,8,32,0,0,1,0,0,0
338.5744793,0,24,17,1,0,1,0,0,0
933.473633,30,87,127,0,0,1,0,0,0
835.0585595,18,48,8,1,0,0,0,0,0
227.2199739,8,65,17,9,0,0,0,0,0
133.4832242,0,0,19,0,0,0,0,0,0
70.7784138,0,0,13,0,0,0,0,0,0
601.415754,12,1,17,0,0,0,0,0,1
605.87246,31,21,66,0,0,0,0,0,0
587.19691,0,45,24,18,0,0,0,1,0
563.9370059,3,75,59,9,0,0,0,0,1
590.1681761,0,55,122,0,0,0,0,0,0
415.5250481,0,18,24,0,0,0,0,0,1
379.4760474,0,0,58,0,0,0,0,0,0
511.1172895,0,37,59,0,0,0,0,1,0
195.4815463,0,0,34,0,0,0,0,0,0
504.3269013,0,38,38,20,0,0,0,0,0
425.8626251,0,7,8,1,0,0,0,0,0
441.177925,0,134,553,25,0,0,0,0,0
898.945206,46,68,81,12,0,0,0,0,0
614.040932,6,26,77,12,0,0,0,1,0
230.855329,21,20,341,0,0,0,0,0,1
242.7946997,0,5,38,5,0,0,0,1,0
333.6245076,0,4,103,0,0,0,0,1,0
427.9986312,11,15,21,2,0,0,0,1,0
131.013733,0,0,14,0,0,1,0,0,0
431.4050556,0,80,51,0,0,0,0,0,1
166.2289939,0,9,25,0,0,1,0,0,0
1223.48177,46,42,42,0,0,0,0,1,0
922.40617,33,37,125,19,0,0,0,0,1
604.7846517,12,38,49,25,0,0,0,0,1
1019.96127,49,16,5,0,0,1,0,0,0
236.1380436,6,31,175,0,0,1,0,0,0
309.243306,15,52,72,7,0,0,0,0,0
93.1024216,4,0,0,0,0,0,1,0,0
267.616813,0,0,46,0,0,0,0,1,0
282.5784237,7,9,28,2,0,0,0,1,0
164.0092192,0,31,73,3,0,0,0,1,0
386.5954798,6,51,56,0,0,0,0,1,0
262.1991041,0,37,62,3,0,0,0,1,0
279.7687435,0,0,20,0,0,1,0,0,0
127.9992634,0,0,43,0,0,0,0,0,1
227.04491,26,30,94,0,0,0,0,1,0
525.0667513,0,26,11,2,0,0,0,1,0
347.0804134,22,12,34,0,0,0,0,0,1
102.5433156,0,18,84,0,0,0,0,1,0
130.147396,0,23,17,0,0,0,0,1,0
626.6273546,15,3,17,0,0,0,0,1,0
417.8268614,0,24,24,0,0,0,0,0,1
522.9599685,0,37,28,9,0,0,0,1,0
154.6265131,0,5,49,0,0,0,0,1,0
342.7056322,0,13,47,3,0,0,0,0,0
113.6790544,0,0,16,0,0,0,0,0,1
527.301001,13,15,106,0,0,0,0,0,1
512.078642,19,59,120,0,0,0,0,0,1
609.46832,39,7,10,0,0,0,0,1,0
347.298985,13,45,129,1,0,0,0,0,0
458.0142177,0,34,147,18,0,1,0,0,0
343.0620931,0,25,31,0,0,0,0,1,0
289.1304251,0,25,114,0,0,0,0,1,0
485.4279024,19,11,14,2,0,0,0,0,1
229.4890055,0,32,24,0,0,0,0,1,0
153.7961981,0,0,48,0,0,0,0,0,1
178.0912241,0,0,87,0,0,1,0,0,0
246.4119974,0,5,7,1,0,0,0,1,0
320.1002613,0,25,86,0,0,0,0,1,0
138.5044028,0,0,9,0,0,0,0,0,1
242.636242,0,28,12,0,0,0,0,0,1
477.6932066,0,22,9,0,0,0,0,0,1
126.528119,0,39,87,13,0,0,0,1,0
311.7735857,0,20,5,8,0,0,0,0,1
310.0044977,0,0,87,0,0,0,0,0,1
542.934072,11,85,128,18,0,0,0,0,0
862.6847567,37,98,270,14,0,0,0,1,0
652.546584,29,24,101,6,0,0,0,0,1
521.4506225,0,53,180,0,0,0,0,0,0
167.8760415,0,4,7,0,0,0,0,1,0
127.3275111,0,10,8,0,0,0,1,0,0
133.694096,0,0,25,0,0,0,0,0,1
332.606548,0,78,354,0,1,0,0,0,0
708.761166,9,33,17,6,0,0,0,0,1
653.592451,0,57,87,21,0,0,0,1,0
456.824477,7,32,73,9,0,1,0,0,0
340.349846,15,23,52,1,0,1,0,0,0
476.037377,0,0,313,0,1,0,0,0,0
365.0022846,0,20,43,0,0,0,0,1,0
464.4373251,0,28,117,0,0,1,0,0,0
159.7714953,0,45,87,0,0,1,0,0,0
180.3034038,0,21,28,0,0,1,0,0,0
148.2399905,0,9,102,8,0,0,0,0,1
370.3629372,0,0,94,0,0,0,0,0,0
199.7108792,0,10,14,0,0,1,0,0,0
289.1021429,0,7,15,10,0,1,0,0,0
338.391457,0,15,21,0,0,0,0,0,0
365.2513765,0,32,43,15,0,0,0,0,0
416.9930197,0,42,50,0,0,0,0,0,0
330.0642408,0,19,59,0,0,0,0,0,0
967.217716,17,46,56,4,1,0,0,0,0
1025.79449,35,38,76,0,1,0,0,0,0
255.2009655,0,7,101,0,0,0,0,0,1
345.851893,17,73,114,3,0,0,0,0,0
93.1779343,0,17,54,0,0,0,0,0,0
166.2344413,10,39,109,0,0,0,0,0,0
95.2765008,33,27,504,2,0,0,0,0,1
523.471225,47,99,76,29,0,0,0,1,0
252.821028,17,51,102,30,0,0,0,0,1
1013.36878,28,56,36,7,0,0,0,1,0
690.623726,41,109,119,23,0,0,0,1,0
235.1569135,14,123,140,1,0,0,0,0,1
172.594302,0,21,83,0,0,0,0,1,0
111.9785755,0,15,28,0,0,0,0,1,0
196.1265628,0,26,113,0,0,0,0,1,0
371.313972,30,57,37,3,0,0,0,0,1
158.4685759,8,6,72,0,0,0,0,1,0
71.77724465,0,10,79,0,0,0,0,1,0
51.9247916,0,8,26,0,0,0,0,0,1
355.110214,39,64,292,9,0,0,0,0,1
334.192115,0,164,228,9,0,0,0,0,1
427.1810517,22,69,283,9,0,0,0,1,0
136.2398791,0,28,64,0,0,0,0,0,1
342.0178601,0,55,68,6,0,0,0,0,0
184.748386,0,24,185,15,0,0,0,1,0
150.8732811,0,22,67,0,0,0,0,0,1
539.644368,0,58,92,5,0,0,0,0,0
359.527701,13,56,558,11,0,0,0,0,1
822.7549081,23,31,5,26,0,1,0,0,0
518.881718,32,48,155,15,0,0,0,1,0
1371.90965,55,57,281,20,0,0,0,1,0
376.035887,0,34,79,21,0,0,0,0,1
289.1783397,0,35,83,0,0,0,0,1,0
285.9166194,16,29,10,11,0,0,0,1,0
257.0506706,9,36,27,2,0,0,0,1,0
375.0756052,0,27,133,10,0,0,0,1,0
118.5740228,0,11,50,0,0,0,0,1,0
249.8156446,13,46,17,1,0,0,0,1,0
222.4846156,0,63,113,0,0,0,0,0,0
472.7381346,10,9,25,0,0,0,0,0,1
85.86690804,0,79,194,0,0,0,0,0,1
421.1246188,0,12,5,4,0,0,0,0,1
166.204591,0,12,26,0,0,0,1,0,0
272.2376421,0,0,36,0,0,0,1,0,0
153.241327,0,28,300,0,0,0,0,1,0
278.4181976,0,24,58,7,0,0,0,0,0
232.9019997,0,37,111,0,0,0,0,1,0
238.2690875,0,16,0,0,0,0,0,1,0
309.9498133,0,7,66,0,0,0,0,0,1
247.5068315,0,8,66,0,0,0,0,0,0
157.7142991,0,0,60,0,0,0,0,0,0
339.6353841,0,16,1,0,0,0,0,1,0
156.2770676,0,0,25,0,0,0,0,0,0
133.2077063,0,0,11,0,0,0,0,0,1
191.9641945,0,11,20,0,0,0,0,1,0
595.634695,5,50,70,14,0,1,0,0,0
212.4071546,0,8,60,1,0,0,0,0,0
555.1980208,0,43,49,3,0,0,1,0,0
229.2826766,0,15,7,0,0,1,0,0,0
564.3186185,0,28,38,0,0,0,0,0,0
441.527355,9,48,131,21,0,0,0,0,1
138.581473,20,29,88,0,0,0,0,0,0
159.883276,0,7,87,0,0,0,0,1,0
527.499324,23,20,60,0,0,0,0,0,0
462.6991322,56,98,273,33,0,0,0,0,1
563.4016687,4,18,30,0,0,0,0,1,0
335.9409675,41,65,253,4,0,0,0,0,1
229.7562077,0,12,3,0,0,0,0,1,0
182.9258348,0,0,15,0,0,0,0,1,0
182.9258348,0,0,13,0,0,0,0,1,0
187.1471114,0,0,118,0,0,0,0,0,1
421.1473814,0,23,188,7,0,0,0,1,0
244.655493,0,23,90,2,0,0,0,1,0
114.9338436,0,0,26,0,0,0,0,0,1
203.9226985,0,18,148,0,0,0,0,1,0
245.8569765,0,0,53,0,0,0,0,1,0
119.9878109,0,0,40,0,0,0,0,0,1
718.9202568,0,21,14,4,0,0,0,1,0
682.0865653,11,53,102,12,0,0,0,0,1
238.4210399,0,0,16,0,0,0,0,1,0
16.4029245,0,0,26,0,0,0,0,0,1
80.3306663,0,22,89,0,0,0,0,1,0
596.00789,21,46,49,10,0,0,0,1,0
63.43098236,0,0,27,0,0,0,0,0,1
126.1884446,8,6,13,3,0,0,0,0,1
211.8015334,17,28,221,14,0,0,0,1,0
68.16660357,0,11,55,0,0,0,0,1,0
198.4747404,0,25,25,0,0,0,0,1,0
131.9983674,0,0,26,0,0,0,0,0,1
18.7440979,0,0,188,0,0,0,0,1,0
16.3531338,0,0,29,0,0,0,0,1,0
41.4229546,16,21,158,0,0,0,0,0,0
60.4217191,27,137,306,36,0,0,1,0,0
34.608053,0,4,32,1,0,0,1,0,0
43.510864,0,0,28,0,0,0,1,0,0
301.5481011,0,51,56,1,0,1,0,0,0
448.8164416,0,63,169,10,0,1,0,0,0
169.5147545,0,64,56,3,0,0,0,0,0
152.4639605,0,0,28,0,0,0,0,0,0
217.2918238,0,0,40,0,0,0,0,0,0
163.2596063,0,0,21,0,0,1,0,0,0
619.9061294,0,16,318,0,0,0,0,0,1
140.0077365,0,0,80,0,0,0,1,0,0
252.795352,29,129,173,10,0,1,0,0,0
292.7657124,6,5,0,2,0,0,1,0,0
296.2580655,0,8,43,0,0,0,0,0,0
187.9345879,0,6,45,0,0,0,0,0,0
208.272748,0,40,192,8,0,0,0,0,1
696.132918,21,35,161,18,0,0,0,0,0
198.6755496,0,15,298,0,0,0,0,0,0
218.9968715,5,19,129,1,0,0,0,0,0
582.5463293,7,20,61,3,0,0,0,0,0
336.451037,0,0,78,0,0,0,0,1,0
204.821878,0,0,9,0,0,0,0,0,1
302.5589786,2,0,130,0,0,0,0,0,1
1193.57179,15,51,44,21,0,0,0,0,1
264.1196656,0,4,55,8,0,0,0,0,1
647.1599289,0,37,46,0,0,0,0,1,0
234.6739865,0,0,71,0,0,0,0,0,1
423.0195168,0,25,26,12,0,0,0,0,0
277.9399715,0,73,60,18,0,0,0,0,1
318.492237,16,86,152,9,0,0,0,0,1
48.0758394,0,16,114,0,0,0,0,0,1
343.8155351,7,19,34,23,0,0,0,0,1
291.7938343,0,32,37,0,0,0,0,0,0
498.6296135,0,22,42,0,0,0,0,1,0
31.316133,0,0,10,0,0,0,0,1,0
147.927814,0,0,8,0,0,0,0,0,1
399.0405529,0,17,52,9,0,0,0,1,0
200.6280501,0,4,23,5,0,0,0,1,0
213.2024953,0,11,25,0,0,0,0,0,0
396.0378344,0,33,21,0,0,0,0,1,0
89.0384156,2,15,80,2,0,0,0,1,0
498.899168,0,32,65,8,0,0,0,0,0
186.042137,0,94,137,9,0,0,0,0,1
211.8746234,1,0,46,0,0,0,0,1,0
382.9144857,16,11,30,2,0,0,0,1,0
209.7860163,0,33,27,0,0,0,0,1,0
100.7935614,0,8,27,0,0,0,0,0,1
277.5196273,0,10,38,0,0,0,0,0,1
243.8746507,0,7,26,0,0,0,0,1,0
912.8303187,33,35,18,0,0,0,0,1,0
315.0643204,0,0,8,0,0,0,0,1,0
304.373856,0,12,20,0,0,0,0,1,0
55.4713229,0,26,239,1,0,0,1,0,0
288.263905,15,49,91,0,0,0,0,0,1
604.624343,67,58,118,4,0,0,0,0,1
296.031827,0,43,111,0,0,0,0,1,0
177.858044,12,9,68,4,0,0,0,1,0
103.688471,17,29,63,3,0,0,0,1,0
391.548705,0,24,55,8,0,0,0,1,0
509.58204,26,118,584,2,0,0,0,0,0
1069.69865,35,15,40,0,0,0,0,1,0
105.0401366,0,3,54,0,0,0,0,1,0
114.8523143,0,5,8,0,0,0,0,1,0
491.1926159,0,36,83,12,0,0,0,0,0
229.3758711,0,0,12,0,0,0,0,1,0
451.97986,0,8,169,0,0,1,0,0,0
431.2789719,24,124,270,0,0,0,0,1,0
295.1872553,0,13,5,0,0,0,0,1,0
32.2663781,0,0,0,0,0,1,0,0,0
225.1979053,0,12,8,0,0,0,0,0,1
47.95572005,0,0,101,0,0,0,1,0,0
193.093343,9,70,94,4,0,0,0,1,0
302.8208784,28,41,157,9,0,0,0,0,0
314.9374531,48,57,142,7,0,0,0,0,1
233.083202,21,30,235,1,0,1,0,0,0
511.786622,0,18,289,0,0,1,0,0,0
139.219291,0,0,116,0,0,1,0,0,0
106.4340622,0,16,37,0,0,0,0,1,0
344.0606204,10,35,57,5,0,1,0,0,0
125.635547,0,0,36,0,0,1,0,0,0
371.9728591,0,17,5,0,0,1,0,0,0
452.5911421,0,34,15,0,0,0,0,0,1
374.0819243,0,20,12,0,0,0,0,0,0
15.0295249,0,0,10,0,0,1,0,0,0
113.1236881,0,21,3,1,0,0,0,0,0
183.8439921,0,9,17,0,0,0,0,0,0
88.9916648,8,28,64,2,0,0,0,0,0
269.2304556,0,17,24,0,0,0,0,0,0
235.9610265,0,31,7,1,0,0,0,0,0
531.056055,0,73,433,13,0,0,0,0,0
1014.2353,0,57,386,5,0,0,0,0,0
436.457166,0,35,118,0,0,0,0,0,0
680.284936,13,6,111,0,0,1,0,0,0
930.0301656,6,13,57,1,0,1,0,0,0
603.068291,13,27,33,10,0,1,0,0,0
256.926525,0,61,174,2,0,0,0,1,0
503.7234468,0,33,121,0,0,0,0,0,0
764.9637571,0,4,42,0,0,0,0,0,1
394.4201454,0,8,107,0,0,0,0,0,1
362.9052077,0,0,65,0,0,0,0,1,0
409.2570451,0,52,197,0,0,1,0,0,0
801.2022601,0,16,12,0,0,0,0,0,1
292.196418,0,36,48,1,0,0,0,0,1
262.573977,0,15,46,0,0,0,0,1,0
172.289601,0,42,65,0,0,0,0,0,1
283.0036727,0,0,19,0,0,1,0,0,0
121.541641,0,0,95,0,0,0,0,0,0
985.1069164,15,32,159,1,0,0,0,1,0
136.0663253,0,0,13,0,0,0,0,0,1
580.3406213,0,20,68,0,0,0,0,1,0
339.0516945,0,0,24,0,0,0,0,1,0
349.428167,0,33,135,0,0,0,0,0,1
649.759548,19,138,232,21,0,0,0,0,1
691.992484,40,104,520,36,0,0,0,0,1
464.202545,12,32,42,1,0,0,0,0,1
428.134021,0,193,209,5,0,0,0,0,1
130.719594,0,0,39,0,0,0,0,0,1
241.866514,0,13,60,6,0,0,0,1,0
278.65824,0,3,111,0,0,0,0,1,0
647.476069,26,97,110,5,0,0,0,1,0
297.130601,0,14,263,2,0,1,0,0,0
1141.83896,27,29,68,6,0,0,0,0,0
505.1413952,0,7,25,0,0,0,0,0,1
148.589596,0,0,73,0,0,0,0,1,0
417.3849804,0,6,6,0,0,0,1,0,0
645.720722,8,8,66,7,0,0,0,0,1
806.1220303,0,44,183,11,0,0,0,1,0
355.703158,0,40,233,0,0,0,0,0,1
222.066378,0,8,88,0,0,0,0,1,0
296.266364,0,5,18,0,0,0,0,1,0
286.9225995,0,0,80,0,0,0,0,1,0
322.8063354,0,0,8,0,0,1,0,0,0
1082.23879,30,140,291,22,0,0,0,1,0
148.0996943,0,0,27,0,0,1,0,0,0
550.0855441,0,0,14,0,0,0,0,0,1
552.3814552,0,0,3,0,0,0,0,1,0
139.795753,0,0,26,0,0,0,0,1,0
351.40283,0,52,149,0,0,0,0,0,1
421.2905777,0,0,20,0,0,0,0,0,1
203.0322176,0,0,6,0,0,0,0,0,0
411.3709911,0,6,12,0,0,0,0,1,0
133.824136,0,0,138,0,0,0,0,0,1
165.163891,0,6,74,0,0,0,0,1,0
195.013151,0,0,29,0,0,0,0,1,0
690.7467258,0,6,22,0,0,1,0,0,0
318.7055309,0,0,45,0,0,1,0,0,0
154.5679245,0,0,8,0,0,1,0,0,0
414.8318873,0,0,16,0,0,1,0,0,0
590.8576923,0,34,75,8,0,1,0,0,0
628.1892985,0,14,24,0,0,1,0,0,0
647.780434,0,43,151,15,0,0,0,1,0
1113.298995,12,71,78,3,0,0,1,0,0
341.4535813,0,9,72,0,0,0,0,0,1
651.667186,0,0,39,0,0,1,0,0,0
738.2170964,0,20,39,0,0,0,0,1,0
515.499157,12,43,135,10,0,1,0,0,0
485.195823,19,30,111,24,0,1,0,0,0
80.3112301,0,3,20,0,0,0,0,0,1
221.163856,0,0,42,0,0,1,0,0,0
1088.475383,0,15,77,6,0,0,0,0,0
239.854667,0,30,139,7,0,1,0,0,0
266.256088,5,3,67,1,0,1,0,0,0
187.544086,0,6,183,0,0,1,0,0,0
293.565154,0,32,26,0,0,1,0,0,0
492.737484,19,23,153,3,0,1,0,0,0
180.149172,0,9,19,0,0,1,0,0,0
226.249441,0,26,26,0,0,1,0,0,0
471.908965,0,23,113,0,0,0,0,0,0
216.17645,0,93,254,4,0,0,0,0,1
806.735736,10,179,292,12,0,0,0,1,0
737.328999,21,70,373,16,0,0,0,0,0
130.287647,0,0,28,0,0,0,0,0,1
926.561924,20,121,181,9,0,0,0,0,0
721.73757,31,159,348,27,0,0,0,1,0
328.437301,0,64,349,5,0,0,0,0,0
144.05835,0,26,140,0,0,0,0,0,0
59.02012992,0,20,171,0,0,0,0,0,0
311.7936129,0,2,140,4,0,0,0,0,1
167.7466118,0,21,169,0,0,0,0,0,0
120.7724762,0,0,26,0,0,0,0,1,0
89.90455742,0,16,71,0,0,0,0,0,0
159.3939978,0,26,347,21,0,1,0,0,0
108.8371327,0,16,69,0,0,0,0,0,0
103.7859692,0,0,102,0,0,0,0,0,1
331.3118932,0,26,346,21,0,0,0,0,0
231.0722274,0,39,293,3,0,0,0,0,0
194.4117626,0,14,163,6,0,0,0,0,0
318.049504,0,15,70,0,0,0,0,0,1
368.371187,0,34,78,6,0,0,0,0,1
339.514107,0,21,184,14,0,0,0,1,0
439.48004,16,123,433,1,0,0,0,1,0
413.243131,0,41,140,11,0,0,0,1,0
396.523234,15,78,173,4,0,0,0,1,0
331.0649197,19,78,97,21,0,0,0,1,0
400.376796,14,27,200,0,0,0,0,0,1
778.659231,10,41,74,2,0,0,0,0,1
280.916066,7,23,254,5,0,0,0,0,1
396.0078803,9,14,138,3,0,0,0,0,1
346.120731,0,30,122,5,0,0,0,0,1
349.468125,10,52,391,0,0,0,0,1,0
427.296793,0,24,24,10,0,0,0,0,1
639.312801,18,58,387,22,0,0,0,0,0
325.5650418,0,12,80,0,0,0,0,0,1
532.7532851,0,84,234,13,0,0,0,0,0
395.5806288,0,96,296,23,0,0,0,0,0
319.0442365,0,75,494,0,0,0,0,0,0
427.265688,18,5,309,1,0,0,0,0,1
370.069418,0,3,157,0,0,0,0,1,0
270.579575,0,0,141,0,0,0,0,1,0
683.388041,47,42,126,12,0,0,0,1,0
426.052147,11,93,204,0,0,0,0,0,1
621.089939,31,78,160,18,0,0,0,1,0
328.00802,10,25,154,0,0,0,0,0,1
359.71993,0,145,207,17,0,0,0,1,0
310.798875,9,69,194,17,0,0,0,1,0
216.733807,0,54,224,0,0,0,0,0,1
351.499339,0,28,177,7,0,0,0,1,0
294.4361416,0,10,88,0,0,0,0,1,0
248.5762378,0,0,68,0,0,0,0,1,0
288.7401699,0,7,82,0,0,0,0,1,0
164.5896164,0,0,58,0,0,0,0,1,0
218.9721446,0,13,7,0,0,0,0,1,0
163.5378871,0,0,113,0,0,0,0,0,1
466.9316848,0,37,73,8,0,0,0,1,0
448.7733793,25,37,156,1,0,0,0,1,0
570.8944786,0,76,92,3,0,0,0,1,0
288.7791082,8,66,187,14,0,0,0,1,0
98.06160645,0,0,49,0,0,0,0,1,0
251.8280599,0,3,33,0,0,0,0,1,0
235.4830327,19,5,158,0,0,0,0,0,1
541.7671899,0,114,411,14,0,0,0,0,1
318.881578,0,117,266,13,0,0,0,0,0
166.0125822,0,48,128,0,0,0,0,0,0
517.875319,43,86,463,4,0,0,0,0,1
117.056211,8,0,34,0,0,0,0,1,0
288.984427,0,6,30,0,0,0,0,1,0
463.494534,0,44,195,9,0,1,0,0,0
207.214442,0,13,426,9,0,0,0,1,0
435.455876,9,34,44,17,0,1,0,0,0
153.43978,0,6,30,1,0,1,0,0,0
183.9264658,0,0,47,0,0,1,0,0,0
112.8525797,2,0,32,0,0,1,0,0,0
128.1310919,0,0,26,0,0,1,0,0,0
353.2550841,52,65,235,0,0,1,0,0,0
361.4009235,24,93,547,9,0,1,0,0,0
377.781472,0,56,137,0,0,0,0,1,0
424.361899,0,9,120,0,0,0,0,1,0
266.4294308,0,0,92,0,0,0,0,1,0
319.0444297,0,0,98,0,0,0,0,1,0
382.464476,0,0,80,0,0,0,0,1,0
330.0811203,0,71,259,9,0,0,0,1,0
410.4296615,0,146,456,15,0,0,0,1,0
534.116557,10,40,482,7,0,0,0,0,1
369.731966,0,23,240,12,0,1,0,0,0
344.443096,0,12,24,0,0,0,0,1,0
222.5253301,0,0,69,0,0,0,0,1,0
225.314481,0,12,25,0,0,0,0,1,0
523.99091,0,0,259,0,0,1,0,0,0
269.248843,0,24,203,3,0,0,0,0,0
365.4413753,9,20,366,6,0,0,0,0,0
144.8065974,0,0,153,0,0,0,0,1,0
398.986883,0,37,40,0,0,0,0,1,0
629.370347,0,75,310,30,0,0,0,1,0
262.556819,0,12,165,0,0,0,0,0,0
319.534047,0,29,113,7,0,0,0,0,0
766.8523504,19,119,426,30,0,0,0,1,0
526.5922743,0,99,286,0,0,0,0,1,0
384.7688502,0,0,102,0,0,0,0,1,0
379.5039377,0,57,244,1,0,0,0,0,0
156.1264473,0,0,66,0,0,0,0,1,0
600.7588345,0,63,163,14,0,0,0,0,0
252.9295247,0,0,14,0,0,0,0,1,0
734.901797,0,120,271,0,0,0,0,1,0
262.006866,0,12,34,7,0,1,0,0,0
260.6539831,0,20,485,0,0,0,0,0,1
284.891477,0,4,102,0,0,0,0,0,1
1079.337085,43,109,602,9,0,0,1,0,0
855.5385817,29,104,534,23,0,0,1,0,0
264.2543458,0,40,63,7,0,0,0,1,0
252.315692,0,10,21,0,0,0,0,0,1
99.4408785,0,0,22,0,0,0,0,0,1
804.250332,32,77,244,23,0,0,0,0,1
261.575753,0,14,18,1,0,0,0,0,1
160.375819,0,0,30,0,0,0,0,0,1
229.470479,0,33,191,0,0,0,0,1,0
335.697309,21,44,580,16,0,1,0,0,0
408.025529,6,21,49,7,0,1,0,0,0
381.418242,0,55,162,0,0,1,0,0,0
750.53813,58,87,305,1,0,1,0,0,0
251.531884,0,12,19,0,0,0,0,1,0
219.005085,0,12,27,0,0,1,0,0,0
309.398667,0,41,130,3,0,0,0,1,0
269.968238,0,11,3,0,0,0,0,1,0
305.254278,0,12,11,0,0,0,0,1,0
147.545506,0,0,45,0,1,0,0,0,0
849.915153,51,39,108,4,0,1,0,0,0
864.704189,7,40,51,0,0,0,0,0,0
784.290647,46,72,421,10,0,1,0,0,0
341.737019,10,39,77,12,0,1,0,0,0
328.103824,0,18,138,0,0,0,0,0,0
1134.35909,21,7,18,2,0,0,0,0,1
266.502562,0,0,21,0,0,0,0,0,1
705.929815,14,19,215,6,0,1,0,0,0
267.935245,0,72,220,0,0,0,0,0,1
383.519751,0,29,232,0,0,0,0,0,0
513.798843,7,140,177,5,0,0,0,0,0
384.526334,5,15,87,3,0,0,0,0,1
418.948015,0,44,71,5,0,0,0,1,0
598.911648,0,175,483,8,0,0,0,0,1
184.029914,0,0,28,0,0,0,0,1,0
196.887353,0,0,0,0,0,1,0,0,0
210.412319,0,7,57,0,0,1,0,0,0
193.000058,0,0,107,0,0,1,0,0,0
339.279429,0,16,37,0,0,1,0,0,0
129.469679,0,0,43,0,0,0,0,1,0
282.06843,0,0,11,0,0,0,0,0,1
242.757897,0,0,23,0,0,0,0,0,1
295.936071,0,11,129,0,0,1,0,0,0
219.42319,0,31,50,0,0,0,0,1,0
82.2721963,0,19,471,9,0,0,0,1,0
842.103119,11,84,32,35,0,0,0,1,0
673.674826,0,122,389,12,0,0,0,1,0
164.368534,0,0,67,0,0,0,0,1,0
66.7850492,0,19,431,9,0,1,0,0,0
359.34543,0,8,22,0,0,0,0,1,0
185.686335,0,0,39,0,0,0,0,1,0
317.940452,0,140,281,8,0,0,0,0,1
286.555884,0,26,46,2,0,0,0,0,1
221.239435,0,18,87,8,0,1,0,0,0
176.60301,0,0,29,0,0,1,0,0,0
179.069819,0,6,28,0,0,1,0,0,0
272.733199,0,20,147,0,0,1,0,0,0
218.79374,0,0,41,0,0,1,0,0,0
421.733014,0,7,12,0,0,1,0,0,0
293.696369,0,32,117,0,0,1,0,0,0
626.968579,43,70,332,1,0,0,0,1,0
340.3523231,0,0,31,0,0,1,0,0,0
48.30650577,0,0,17,0,0,0,0,1,0
135.355762,0,34,16,0,0,0,0,0,1
484.2249269,0,17,11,4,0,0,0,0,1
46.6494748,0,0,113,0,0,1,0,0,0
364.3403352,8,83,410,22,0,0,1,0,0
388.489958,0,81,89,28,0,0,0,0,1
591.839521,25,59,36,5,0,1,0,0,0
758.441015,0,85,243,0,0,0,0,1,0
1051.85605,21,19,10,5,0,0,0,1,0
177.3954382,0,13,70,0,0,0,0,1,0
172.0523694,0,21,30,0,0,0,0,0,1
92.8342406,0,0,39,0,0,0,0,0,1
183.9636259,0,10,40,0,0,0,0,1,0
95.6527283,0,0,26,0,0,0,0,0,1
314.238228,41,39,102,22,0,0,0,1,0
174.116239,0,0,59,0,0,0,0,1,0
618.750087,0,77,195,13,0,0,0,0,0
697.876519,6,61,47,0,0,0,0,0,0
199.706899,0,8,3,0,0,0,0,1,0
374.1700315,0,40,32,4,0,1,0,0,0
148.136576,0,13,18,0,0,1,0,0,0
254.751641,0,8,42,0,0,0,0,1,0
559.311096,10,69,55,19,0,0,0,0,1
169.9539753,0,26,27,6,0,0,0,1,0
401.9142451,0,34,24,0,0,0,0,0,1
183.383344,0,0,44,0,0,0,0,0,1
513.1729013,0,26,157,8,0,0,0,0,1
251.0404753,0,17,27,6,0,0,0,0,1
455.638767,0,20,90,0,0,0,0,0,1
363.7697799,0,16,31,0,0,0,0,1,0
133.750697,0,12,37,0,0,0,0,1,0
97.6127043,0,0,22,0,0,1,0,0,0
135.029032,6,9,13,0,0,0,0,0,1
240.219188,45,86,186,14,0,0,0,0,0
184.977438,0,0,103,0,0,1,0,0,0
634.7449654,8,86,424,11,0,0,1,0,0
219.5712947,0,0,40,0,0,1,0,0,0
261.7244065,0,16,17,1,0,1,0,0,0
409.773439,0,56,55,0,0,0,0,0,0
331.5640568,0,10,18,0,0,1,0,0,0
470.2772666,0,13,95,7,0,0,0,0,0
322.8417799,0,7,22,0,0,1,0,0,0
500.0167395,0,0,22,0,0,0,0,0,0
98.1211532,0,0,44,0,0,0,1,0,0
181.712727,0,22,63,4,0,0,1,0,0
391.466084,1,27,86,8,0,0,0,0,0
528.789239,0,23,22,0,0,0,1,0,0
1040.07927,34,45,62,14,0,0,0,1,0
616.026273,17,45,184,11,0,0,0,1,0
573.289711,0,33,118,4,0,0,0,0,0
1093.54635,20,39,100,13,0,0,0,1,0
703.211675,0,56,74,7,0,0,0,0,0
465.61021,0,60,68,0,0,0,0,1,0
97.34891891,0,26,32,0,0,0,0,0,1
211.9347998,0,8,24,0,0,0,0,1,0
326.4491361,0,44,58,0,0,0,0,1,0
132.4336272,0,13,73,0,0,0,0,1,0
157.6880506,0,0,47,0,0,0,0,0,1
286.8093903,0,0,40,0,0,0,0,0,1
420.4045085,0,6,36,15,0,0,0,0,1
438.3862109,0,0,101,0,0,0,0,0,1
182.6004039,0,0,13,0,0,0,0,1,0
475.1191698,0,13,53,13,0,0,0,1,0
151.486168,0,3,32,0,0,0,0,1,0
242.5983112,3,42,55,0,0,0,0,1,0
326.8054639,0,74,197,5,0,0,0,0,1
95.8909609,0,16,14,0,0,1,0,0,0
133.866351,12,13,298,1,0,1,0,0,0
429.430893,0,168,228,7,0,1,0,0,0
1201.022465,26,66,134,24,0,0,0,0,0
447.1279037,0,53,81,6,0,0,0,0,0
162.93391,0,0,39,0,0,0,0,0,0
284.4057792,0,4,18,0,0,0,0,1,0
160.2014379,0,0,25,0,0,0,0,0,0
167.2633276,0,15,38,0,0,0,0,0,0
810.877251,20,30,107,0,0,0,0,1,0
422.6008378,0,12,75,0,0,0,0,1,0
234.1626391,0,4,76,0,0,0,0,1,0
360.2570155,0,43,140,0,0,0,0,0,0
115.3017395,0,0,53,0,0,0,0,1,0
426.6583267,12,17,123,3,0,0,0,0,0
249.5605193,0,43,314,0,0,0,0,1,0
257.5252167,0,83,80,5,0,0,0,1,0
128.64109,0,0,72,0,0,0,0,0,1
49.5343688,0,20,152,0,0,0,0,0,1
52.4066904,0,0,472,0,0,0,0,0,1
31.9758897,0,0,26,0,0,0,0,0,1
89.248819,0,14,55,0,0,0,0,0,1
154.374674,3,94,446,1,0,1,0,0,0
75.6645864,0,4,24,0,0,0,0,1,0
83.165407,0,0,53,0,0,0,0,0,1
241.749699,0,0,28,0,0,0,0,0,0
471.999588,0,51,34,0,0,0,0,0,0
427.83589,63,21,14,0,0,0,0,1,0
266.70981,0,9,57,0,0,0,0,1,0
666.3625412,37,59,154,9,0,0,0,0,0
293.537649,0,26,82,0,0,0,0,0,0
311.819358,0,59,27,0,0,0,0,1,0
312.205718,0,15,42,0,0,0,0,0,1
57.39166426,0,0,20,0,0,0,0,0,1
620.4178735,0,64,156,6,0,0,0,1,0
212.5168815,0,6,115,0,0,0,0,1,0
318.5989068,0,62,165,19,0,0,0,0,0
166.3116388,0,0,16,0,0,0,0,0,1
76.74033422,0,0,9,0,0,0,0,1,0
135.415022,0,0,14,0,0,0,0,0,1
286.7248957,0,8,65,8,0,0,0,0,1
286.3345671,0,12,54,1,0,1,0,0,0
548.3475053,0,0,100,0,0,0,0,0,1
860.6834599,0,28,29,8,0,1,0,0,0
211.026256,0,12,42,1,0,0,0,0,1
89.9139145,0,0,12,0,0,0,0,1,0
655.017472,65,125,241,32,0,0,0,0,0
208.7964798,0,0,91,0,0,0,0,0,0
164.669196,0,14,25,0,0,1,0,0,0
341.651412,0,38,129,7,0,0,0,0,0
115.867839,0,0,31,0,0,0,0,0,0
163.560501,8,0,50,0,0,0,0,0,0
240.944894,35,162,378,37,0,0,0,1,0
173.452551,0,10,100,6,0,0,0,1,0
577.146021,26,72,304,18,0,0,0,1,0
449.485318,0,78,368,0,0,0,0,0,0
258.919313,0,3,95,0,0,0,0,0,0
516.711043,26,100,286,8,0,0,0,0,0
313.3911868,0,13,79,0,0,0,0,0,0
248.3575635,0,0,42,0,0,0,0,1,0
284.2749807,0,13,104,0,0,0,0,0,0
158.2781452,0,0,159,0,0,0,0,0,0
679.170461,0,87,84,28,0,0,0,1,0
464.9197,21,111,163,20,0,0,0,1,0
232.9136242,0,6,39,0,0,0,0,1,0
100.7831583,0,0,35,0,0,0,0,0,0
129.547912,0,7,9,0,0,1,0,0,0
224.5026366,0,0,106,0,0,0,0,0,1
463.190938,0,17,164,0,0,0,0,1,0
235.685922,0,20,90,3,0,0,0,1,0
194.570444,0,23,54,10,0,0,0,1,0
63.86670689,0,0,18,0,0,0,0,1,0
291.4368404,0,0,90,0,0,0,0,0,1
468.8339016,0,47,34,8,0,0,0,0,1
733.1259787,28,50,67,35,0,0,0,1,0
334.277399,0,58,68,0,0,0,0,0,1
236.30616,0,35,26,0,0,0,0,1,0
446.1382218,12,48,22,2,0,0,0,0,1
149.33485,0,67,234,0,0,0,0,0,1
186.146817,0,5,83,0,0,0,0,1,0
426.311699,63,162,279,12,0,0,0,0,1
486.449161,0,36,50,9,0,0,0,0,0
187.2352731,14,0,91,0,0,0,0,1,0
301.6654369,0,13,78,0,0,0,0,0,1
69.00352959,0,0,32,0,0,0,0,0,0
445.180222,0,33,102,0,0,0,0,0,0
188.1438397,0,0,124,0,0,0,0,1,0
260.377841,0,21,48,9,0,0,0,1,0
358.845186,46,95,221,22,0,1,0,0,0
223.511646,0,81,147,5,0,0,0,0,0
180.744113,0,72,89,10,0,0,0,0,0
93.4457626,0,0,47,0,0,0,0,0,1
178.169211,0,11,86,5,0,1,0,0,0
96.1769946,0,0,20,0,0,1,0,0,0
69.127399,0,0,39,0,0,1,0,0,0
191.902082,0,24,44,0,0,1,0,0,0
992.9183695,0,32,26,8,0,0,0,1,0
147.7636051,0,0,35,0,0,0,0,1,0
492.8455413,0,7,1,3,0,0,0,1,0
549.9600592,0,0,39,0,0,0,0,1,0
433.5515692,0,23,35,0,0,0,0,0,1
371.9267398,0,6,18,0,0,0,0,1,0
337.7833837,0,0,41,0,0,0,0,1,0
219.5531618,0,1,116,0,0,0,0,0,1
330.4059882,0,0,89,0,0,0,0,1,0
355.6895868,7,16,48,0,0,0,0,1,0
170.9186781,0,0,33,0,0,0,0,1,0
335.728251,22,60,494,15,0,0,0,1,0
149.067296,0,15,37,0,0,0,0,1,0
106.799079,0,0,53,0,0,0,0,1,0
384.048333,0,56,346,0,0,0,0,0,1
189.563608,0,13,103,1,0,0,0,1,0
161.914753,0,15,53,5,0,0,0,0,1
451.379534,0,27,65,13,0,0,0,1,0
131.9405421,0,0,35,0,0,0,0,1,0
329.4135178,0,0,183,0,0,0,0,1,0
276.29351,0,0,121,0,0,0,0,1,0
180.3784258,0,10,62,0,0,0,0,0,1
227.7667196,0,15,87,2,0,0,0,1,0
156.8824388,0,6,47,0,0,1,0,0,0
686.557315,67,80,474,19,0,0,0,0,0
822.297711,31,108,246,30,0,0,0,0,0
469.963609,20,66,433,6,0,0,0,0,0
396.0514793,0,18,22,0,0,0,0,0,0
407.7449153,0,14,18,0,0,0,0,0,0
191.201769,2,19,13,0,0,1,0,0,0
79.7486663,0,12,28,0,0,1,0,0,0
250.2790415,0,70,215,17,0,0,0,1,0
94.6193897,0,0,19,0,0,0,0,1,0
260.0792193,0,0,98,0,0,0,0,1,0
610.733461,27,50,143,0,0,1,0,0,0
237.12126,0,13,373,0,0,0,0,0,0
447.0634438,16,64,334,15,0,0,0,1,0
349.7578286,0,33,93,0,0,0,0,0,0
177.1621015,0,0,37,0,0,0,0,0,0
570.916354,0,100,309,21,0,0,0,1,0
634.584435,17,56,147,21,0,0,0,0,0
494.784872,3,41,79,12,0,0,0,0,0
217.999965,0,18,36,0,0,0,0,1,0
125.088941,0,24,118,3,0,0,0,0,1
276.603868,33,16,147,2,0,0,0,0,1
1088.49016,53,140,469,4,0,0,0,1,0
378.830352,0,26,82,11,0,0,0,1,0
209.545537,0,38,47,0,0,0,0,1,0
263.675722,0,74,265,0,0,0,0,0,1
469.438742,25,108,185,32,0,0,0,1,0
326.77124,16,28,34,8,0,0,0,1,0
566.029407,35,31,40,6,0,0,0,1,0
199.62106,0,0,103,0,0,0,0,0,0
237.3036172,3,31,323,0,0,0,0,0,0
210.371815,0,34,230,5,0,0,0,0,0
375.807507,18,68,26,32,0,0,0,0,1
423.585229,13,19,53,0,0,0,0,1,0
416.7515614,0,16,37,0,0,0,0,1,0
211.8272807,0,15,53,0,0,0,0,1,0
170.076142,0,11,13,0,0,1,0,0,0
118.143341,0,12,54,1,0,0,0,1,0
659.11214,64,118,579,24,0,0,0,0,0
519.149713,5,151,207,8,0,0,0,1,0
1175.37074,41,21,196,0,0,0,0,0,1
979.430489,22,58,85,18,0,0,0,0,1
335.165058,0,36,74,0,0,0,0,0,0
595.595866,15,26,108,12,0,1,0,0,0
666.331013,48,50,142,2,0,0,0,0,1
253.7972425,0,2,13,0,0,0,0,1,0
252.307554,0,18,142,1,0,0,0,1,0
161.783368,0,9,168,0,0,0,0,1,0
545.384539,3,86,258,19,0,0,0,1,0
574.1778226,0,35,52,7,0,0,0,1,0
762.555702,20,87,108,5,0,0,0,1,0
591.472582,8,94,183,6,0,0,0,1,0
1087.00898,31,57,69,12,0,0,0,1,0
738.022974,9,19,5,0,0,0,0,1,0
483.133189,7,81,51,17,0,0,0,1,0
859.303733,22,71,234,32,0,0,0,1,0
851.4988432,14,15,29,0,0,0,0,1,0
255.2560549,0,20,28,1,0,0,0,1,0
430.7495623,0,25,65,2,0,0,0,0,0
505.1941515,24,3,79,1,0,0,0,0,0
467.4443784,0,55,12,0,0,0,0,1,0
292.9863592,0,19,138,8,0,0,0,1,0
189.3825127,0,14,82,0,0,0,0,1,0
620.0335867,17,57,163,2,0,0,0,0,0
87.2294378,0,4,33,0,0,0,0,1,0
99.4917392,4,4,11,0,0,1,0,0,0
67.6976274,0,0,49,0,0,0,0,1,0
177.7620668,0,0,62,0,0,0,0,1,0
162.089688,0,9,23,0,0,0,0,0,1
243.6725754,0,0,6,0,0,0,0,1,0
582.0260608,0,84,111,0,0,0,0,0,0
252.3539815,0,40,66,5,0,1,0,0,0
112.419181,0,24,42,0,0,0,0,1,0
176.662971,0,13,19,0,0,1,0,0,0
401.571506,41,113,244,26,0,0,0,1,0
287.167643,0,18,28,0,0,1,0,0,0
91.9156232,0,72,212,1,0,0,0,0,1
167.8574514,0,28,38,0,0,0,0,1,0
236.121196,0,17,124,0,0,0,0,0,0
84.9270747,0,7,148,0,0,0,0,0,0
100.6135749,0,14,40,0,0,1,0,0,0
318.117948,0,21,1,0,0,0,0,1,0
68.530924,0,4,89,0,0,0,0,1,0
169.814595,0,28,52,4,0,0,0,0,1
91.975987,0,7,17,0,0,0,0,1,0
242.639899,7,6,10,1,0,0,0,1,0
124.254713,0,27,162,0,0,0,0,1,0
584.878704,16,64,227,0,0,0,0,0,1
223.938313,0,17,112,0,0,0,0,0,1
82.514462,0,6,60,0,0,1,0,0,0
258.935078,0,39,39,0,0,0,0,1,0
179.853,0,23,2,0,0,0,0,0,1
103.595987,6,0,38,0,0,1,0,0,0
141.222878,0,81,120,4,0,0,0,0,1
471.456689,43,42,39,23,0,0,0,0,1
124.7649222,0,33,97,0,0,0,0,1,0
148.657629,6,88,96,16,0,0,0,1,0
158.968707,14,13,50,1,0,0,0,1,0
130.515414,0,19,95,0,0,0,0,1,0
211.542753,0,53,74,0,0,0,0,1,0
128.247419,0,20,61,6,0,0,0,0,1
131.1454922,0,18,53,13,0,0,0,0,1
143.794484,4,50,50,7,0,0,0,0,1
226.6691265,9,87,366,19,0,0,0,1,0
87.14896341,0,6,142,0,0,0,0,0,1
70.24737063,0,0,149,0,0,1,0,0,0
112.835654,19,91,214,1,0,0,0,0,1
165.574835,0,50,86,9,0,0,0,1,0
79.6126592,0,32,123,0,0,0,0,1,0
100.550253,0,31,43,8,0,0,0,0,1
91.66016,0,32,69,0,0,0,0,1,0
43.9805195,0,5,117,1,0,0,0,0,1
133.30286,12,79,160,8,0,0,0,0,1
134.280636,32,84,444,7,0,1,0,0,0
86.6316241,0,17,55,0,0,0,0,1,0
152.42956,14,61,305,10,0,1,0,0,0
243.901405,0,42,80,0,0,0,0,0,1
228.849673,39,40,130,4,0,1,0,0,0
185.325011,11,43,105,11,0,0,0,0,0
209.209219,11,5,27,1,0,0,0,1,0
187.100507,30,19,416,2,0,1,0,0,0
138.981865,14,11,521,0,0,1,0,0,0
175.857053,0,11,32,0,0,1,0,0,0
124.143152,0,0,4,0,0,1,0,0,0
274.797914,0,67,143,1,0,1,0,0,0
182.278847,19,14,50,4,0,0,0,0,0
270.348439,15,43,39,24,0,0,0,0,1
258.712197,0,51,360,1,0,0,0,1,0
166.3498892,0,41,101,15,0,1,0,0,0
90.52187323,8,35,98,0,0,0,0,0,1
383.0195565,66,73,72,13,0,1,0,0,0
176.6499326,34,30,190,16,0,0,0,0,1
164.915472,0,44,16,1,0,0,0,0,1
50.091016,0,0,26,0,0,0,0,1,0
291.9485386,61,78,604,16,0,0,0,0,1
119.211224,0,0,67,0,0,0,0,0,1
144.733061,0,0,67,0,0,0,0,0,0
438.574468,53,167,184,18,0,0,0,0,0
71.7608152,0,6,3,0,0,0,0,0,0
154.9351073,0,20,55,5,0,1,0,0,0
204.1318507,0,28,9,0,0,1,0,0,0
87.78930085,0,11,49,0,0,1,0,0,0
134.4977839,0,6,27,0,0,1,0,0,0
128.803568,0,0,10,0,0,1,0,0,0
228.645583,0,27,3,5,0,1,0,0,0
55.7103736,0,0,8,0,0,1,0,0,0
464.698619,24,49,70,2,0,1,0,0,0
60.8462929,0,0,21,0,0,1,0,0,0
285.168668,22,74,258,23,0,1,0,0,0
338.039767,13,27,30,0,0,1,0,0,0
118.534271,0,7,46,0,0,1,0,0,0
135.41641,0,30,98,7,0,1,0,0,0
126.159005,0,0,78,0,0,1,0,0,0
142.013044,0,7,2,0,0,1,0,0,0
110.056512,0,19,28,1,0,1,0,0,0
201.321569,15,16,80,0,0,1,0,0,0
124.844563,0,15,95,1,0,1,0,0,0
187.355426,0,58,116,10,0,0,0,1,0
157.514373,0,47,250,4,0,0,0,0,0
396.938486,36,93,297,1,0,0,0,1,0
214.610429,22,135,320,10,0,0,0,1,0
181.439267,18,39,340,16,0,0,0,1,0
43.9611115,0,0,20,0,0,0,0,0,0
387.6445,30,168,426,34,0,0,0,0,0
198.22301,0,71,54,10,0,0,0,1,0
39.43617104,0,0,39,0,0,0,0,0,1
86.85935529,0,13,56,10,0,0,0,0,1
48.81050021,0,11,60,0,0,0,0,0,1
77.46391042,0,10,31,0,0,0,0,1,0
175.523543,8,25,73,15,0,0,0,0,1
151.856721,31,102,367,9,0,0,0,1,0
215.572182,0,52,103,5,0,0,0,0,0
200.28365,0,39,35,6,0,0,0,1,0
245.8520149,53,7,125,0,0,0,0,0,1
60.1547258,0,0,58,0,0,0,0,0,1
209.225509,9,54,86,0,0,0,0,0,1
153.807077,0,24,97,6,0,0,0,1,0
270.66581,0,78,150,5,0,0,0,0,0
181.538151,14,95,158,11,0,0,0,1,0
220.294527,19,17,152,8,0,0,0,0,0
69.04597134,0,23,218,0,0,0,0,0,0
84.4411527,0,30,66,1,0,0,0,1,0
41.46638855,0,27,139,0,0,0,0,0,0
525.516042,63,50,113,18,0,0,0,1,0
111.96968,0,36,28,2,0,0,0,0,1
158.712375,0,20,65,2,0,0,0,1,0
306.932133,58,140,390,4,0,0,0,1,0
171.9283557,0,28,177,0,0,1,0,0,0
161.654416,11,22,99,5,0,1,0,0,0
111.5812516,0,22,204,0,0,0,0,0,0
78.75910383,0,13,29,0,0,0,0,1,0
113.8268574,0,30,53,2,0,1,0,0,0
135.8822346,10,9,37,0,0,1,0,0,0
72.5950487,0,16,65,0,0,0,0,1,0
87.2543112,0,40,104,11,0,0,0,1,0
103.287883,0,9,101,0,0,0,0,1,0
83.2329516,0,0,65,0,0,0,0,1,0
616.316919,17,80,151,39,0,0,0,1,0
106.0068291,0,54,195,8,0,0,0,1,0
100.6260452,0,28,380,2,0,0,0,1,0
141.780316,7,24,499,14,0,1,0,0,0
204.572489,0,90,72,10,0,0,0,0,1
334.756351,32,47,48,15,0,0,0,1,0
144.809352,12,12,38,2,0,1,0,0,0
75.7779983,0,33,132,5,0,0,0,1,0
216.39084,27,53,281,20,0,0,0,1,0
323.8177771,29,150,213,27,0,0,0,0,0
231.888835,23,46,65,1,0,0,0,0,1
122.730204,0,62,58,1,0,0,0,1,0
257.632045,26,35,13,5,0,0,0,1,0
58.2337671,0,0,68,0,0,1,0,0,0
67.36076606,0,0,38,0,0,0,0,0,1
95.30654022,0,39,44,0,0,0,0,0,1
102.8360335,0,0,20,0,0,1,0,0,0
174.602322,0,39,84,8,0,0,0,0,1
52.458571,0,8,9,0,0,0,0,1,0
337.630423,10,101,578,22,0,0,0,1,0
282.494751,48,57,55,0,0,0,0,1,0
163.167597,0,32,163,0,0,0,0,0,0
55.3094651,0,4,23,0,0,0,0,0,1
61.9113411,0,7,31,0,0,0,0,0,1
335.464204,36,21,10,1,0,1,0,0,0
155.511301,0,0,27,0,0,1,0,0,0
231.380308,0,19,12,7,0,1,0,0,0
469.54029,34,115,393,11,1,0,0,0,0
181.4384451,0,23,6,0,0,1,0,0,0
139.9154263,0,14,175,0,0,0,0,0,1
95.49435274,0,0,22,0,0,0,0,0,0
169.565081,0,35,121,19,0,0,0,1,0
237.975044,17,51,79,25,0,1,0,0,0
179.400823,0,26,34,0,0,1,0,0,0
173.159974,0,20,8,0,0,0,0,0,1
152.642115,7,18,66,1,0,1,0,0,0
168.852058,17,51,79,25,0,1,0,0,0
330.520859,13,19,12,0,0,1,0,0,0
249.098717,10,3,16,3,0,1,0,0,0
205.346242,0,31,75,0,0,0,0,1,0
381.033725,28,44,102,1,0,1,0,0,0
346.365702,5,15,53,11,0,1,0,0,0
74.0749639,0,135,264,16,0,0,0,0,1
194.003466,0,37,228,0,0,0,0,0,1
165.2694152,0,12,14,0,0,0,0,0,0
113.500886,0,0,6,0,0,1,0,0,0
141.408885,0,9,6,0,0,1,0,0,0
1366.02378,16,52,43,12,0,0,0,0,1
424.7374623,0,0,25,0,0,0,0,1,0
882.4096429,21,62,275,5,0,0,0,0,0
193.523731,0,13,80,0,0,1,0,0,0
281.604276,0,0,33,0,0,0,0,1,0
822.539784,0,128,298,11,0,0,0,1,0
646.801704,7,75,278,24,0,0,0,0,0
526.525909,0,12,14,0,0,0,0,1,0
275.870318,0,6,15,0,0,0,0,1,0
461.006147,0,18,74,7,0,0,0,0,1
198.164178,0,2,29,4,0,0,0,1,0
217.643014,0,0,45,0,0,0,0,1,0
985.019317,45,121,151,20,0,0,0,0,0
532.6295009,0,0,16,0,0,0,0,0,1
181.828326,0,0,54,2,0,0,0,0,1
213.299831,0,12,133,0,0,0,0,0,1
154.40593,0,0,78,0,0,0,0,0,1
322.711235,0,19,17,0,0,0,0,0,1
320.554275,0,25,108,0,0,0,0,0,1
487.717405,0,3,61,0,0,0,0,0,0
546.6312757,0,0,20,0,0,1,0,0,0
849.2291861,0,11,45,4,0,1,0,0,0
418.074753,0,18,70,4,0,0,0,0,1
412.6913781,0,0,20,0,0,0,0,0,0
569.840234,6,145,351,13,0,0,0,1,0
470.008805,0,8,358,0,0,0,1,0,0
288.700251,0,28,136,0,0,0,0,1,0
581.875064,0,20,134,0,0,0,0,0,1
1206.940638,26,42,149,3,0,0,0,1,0
643.8822297,0,0,29,0,0,0,0,0,0
417.8620633,0,0,21,0,0,0,0,0,0
552.073083,0,28,27,0,0,0,0,0,0
290.86317,0,0,37,0,0,0,0,0,0
285.163611,0,0,53,0,0,0,0,0,0
569.404886,0,11,62,0,0,0,0,0,0
663.613826,14,25,80,0,0,1,0,0,0
493.226906,0,61,79,7,0,0,0,0,1
517.166329,0,0,114,0,0,0,0,0,1
705.5377254,0,0,79,0,0,0,0,0,0
371.98105,0,0,40,0,0,0,0,0,1
1092.334891,6,22,54,4,0,0,0,0,1
421.1495752,0,0,20,0,0,1,0,0,0
414.880787,0,0,15,0,0,0,0,0,1
927.143389,26,38,114,30,0,0,0,1,0
166.485653,0,0,71,0,0,0,0,1,0
414.203945,0,45,74,0,0,0,0,0,1
700.8765,16,53,77,1,0,0,0,1,0
316.94327,0,15,136,0,0,0,0,0,0
299.393683,0,48,64,0,0,0,0,1,0
505.413187,0,36,238,5,0,0,0,1,0
445.2824985,0,0,18,0,0,1,0,0,0
425.9668276,0,0,50,0,0,0,0,0,1
387.986048,0,25,9,1,0,0,0,1,0
348.615399,0,9,19,0,0,0,0,0,0
1025.54172,0,53,193,0,0,0,0,1,0
723.1624246,11,9,56,1,0,0,0,1,0
1000.587142,0,8,68,0,0,0,0,0,1
624.9607373,0,0,103,0,0,0,0,1,0
247.6053426,0,0,8,0,0,0,0,1,0
364.3955031,0,0,15,0,0,0,0,0,0
235.858903,0,6,25,0,0,0,0,1,0
481.305458,6,65,52,7,0,0,0,1,0
1123.98215,0,68,129,0,0,1,0,0,0
1261.149274,18,43,84,4,0,1,0,0,0
612.9497041,0,15,40,0,0,1,0,0,0
1239.505329,0,16,59,0,0,0,0,0,0
793.4888057,0,28,90,7,0,1,0,0,0
1228.1415,0,28,28,0,0,0,0,0,0
1203.282211,12,36,52,3,0,1,0,0,0
304.6713533,0,0,54,0,0,0,0,0,1
1335.926438,0,32,66,0,0,1,0,0,0
739.7784463,0,27,152,10,0,1,0,0,0
1334.360614,0,21,161,1,0,1,0,0,0
877.1854341,0,34,46,6,0,1,0,0,0
668.938298,55,35,345,31,0,1,0,0,0
165.087478,0,0,15,0,0,0,0,0,1
215.02566,0,8,88,0,0,0,0,0,0
475.839244,0,21,10,0,0,1,0,0,0
1251.24631,8,42,126,12,0,0,0,0,0
352.1523414,0,0,22,0,0,0,0,1,0
1136.95855,8,98,178,29,0,0,0,1,0
218.148115,0,0,119,0,0,1,0,0,0
379.330981,0,20,70,5,0,0,0,0,1
580.299681,0,17,52,0,0,1,0,0,0
729.264406,0,0,61,0,0,1,0,0,0
742.246259,0,71,127,0,0,1,0,0,0
71.0888791,0,6,30,0,0,0,0,0,1
257.771069,6,30,36,10,0,0,0,1,0
208.83811,0,19,49,0,0,0,0,1,0
317.395623,0,20,7,0,0,0,0,1,0
234.316552,0,31,117,6,0,0,0,1,0
705.208182,28,16,45,1,0,1,0,0,0
261.088539,20,25,147,1,0,1,0,0,0
290.797693,13,39,60,10,0,0,0,1,0
142.555757,0,8,56,0,0,0,0,1,0
271.718693,0,17,2,0,0,1,0,0,0
390.7216,2,70,161,17,0,0,0,0,1
133.376081,0,10,56,0,0,1,0,0,0
631.148161,22,83,430,19,0,1,0,0,0
163.931525,8,16,129,0,0,0,0,1,0
163.461029,0,23,128,4,0,0,0,1,0
256.683288,0,31,53,7,0,0,0,1,0
248.36385,0,33,18,7,0,0,0,1,0
281.804323,5,24,120,15,0,0,0,1,0
834.62134,27,24,36,6,0,0,0,0,1
662.235098,0,31,26,4,0,0,0,0,1
107.096757,0,46,93,2,0,0,0,1,0
346.06089,4,100,208,22,0,0,0,1,0
220.637442,0,14,4,0,0,0,0,0,1
246.653464,0,33,188,0,0,0,0,0,1
148.908004,0,19,118,0,0,0,0,0,1
210.128334,8,18,149,1,0,0,0,1,0
302.56649,0,72,314,10,0,0,0,0,1
114.264387,0,4,53,0,0,0,0,1,0
209.51553,0,62,67,1,0,0,0,0,1
302.905348,31,95,556,11,0,0,0,1,0
397.66354,0,46,29,0,0,0,0,1,0
470.339832,0,11,1,0,0,1,0,0,0
237.935354,0,0,9,0,0,1,0,0,0
543.414518,11,27,37,0,0,0,0,0,1
133.738749,28,37,541,14,0,0,0,0,0
88.493572,8,27,346,29,0,0,0,0,0
644.682297,0,32,40,3,0,0,0,0,0
126.219682,0,110,596,1,0,0,0,1,0
55.1506554,0,17,89,0,0,0,0,0,1
91.8170128,0,41,157,21,0,0,0,1,0
128.078677,3,46,210,11,0,0,0,0,0
120.294403,0,35,162,0,0,0,0,1,0
359.294308,0,0,57,0,0,0,0,0,0
125.30555,0,0,55,0,0,0,0,0,0
65.9161363,0,17,52,0,0,0,0,0,1
40.0003706,0,0,65,0,0,0,0,0,1
634.127709,57,177,539,28,0,0,0,0,0
153.484509,0,0,63,0,0,0,0,0,1
71.6468263,0,57,137,0,0,0,1,0,0
63.0712982,16,75,105,16,0,1,0,0,0
82.3811724,11,15,162,0,0,1,0,0,0
160.452045,16,22,127,0,0,1,0,0,0
76.0556206,0,17,70,0,0,0,0,0,0
162.337619,0,33,106,0,0,0,0,1,0
107.017403,5,13,36,8,0,0,1,0,0
193.090693,0,62,51,6,0,0,0,1,0
119.595308,7,10,226,3,0,0,0,1,0
94.9462611,0,81,403,1,0,0,0,1,0
411.878092,0,72,279,30,0,0,0,1,0
53.6669048,0,0,55,0,0,0,0,1,0
80.1147356,0,38,132,0,0,0,0,1,0
85.7594782,0,30,99,0,0,0,0,0,1
45.0644253,0,0,193,0,0,0,0,1,0
106.769795,0,91,419,1,0,0,0,1,0
385.109004,0,30,124,1,0,1,0,0,0
283.49189,0,30,124,1,0,1,0,0,0
342.821478,1,48,63,6,0,0,0,0,0
138.746807,15,66,243,2,0,0,0,0,0
64.6524688,0,21,88,0,0,1,0,0,0
349.090487,66,108,525,2,0,0,0,0,0
75.4779758,6,23,51,1,0,0,1,0,0
190.269053,0,32,124,0,0,0,0,0,0
193.566273,15,192,372,15,0,0,0,1,0
111.810755,0,13,14,0,0,0,0,1,0
137.281027,26,64,591,6,0,0,0,1,0
47.022129,0,18,197,0,0,0,0,1,0
166.17727,42,102,399,15,0,0,0,1,0
185.711357,41,108,321,10,0,0,0,1,0
224.392576,0,37,81,0,0,0,0,0,0
187.534154,14,146,344,11,0,0,0,1,0
212.065334,0,26,198,9,0,0,0,1,0
93.2086127,0,0,10,0,0,0,0,1,0
95.8034803,9,32,314,22,0,0,0,0,1
224.40319,29,18,109,2,0,0,0,1,0
146.837016,9,91,261,5,0,0,0,1,0
152.745143,0,30,38,1,0,0,0,0,1
114.141944,0,36,141,6,0,0,0,1,0
41.5470527,0,0,36,0,0,0,0,0,1
174.750548,0,73,222,14,0,0,0,1,0
47.9867777,0,0,129,0,0,0,0,0,1
81.6460399,0,44,428,0,0,1,0,0,0
235.559147,0,81,65,15,0,0,0,1,0
122.710235,0,179,600,11,0,0,0,1,0
98.3393354,20,34,180,0,0,1,0,0,0
163.972608,0,39,28,11,0,1,0,0,0
76.0753885,0,27,110,1,0,1,0,0,0
93.0385395,0,16,3,0,0,1,0,0,0
587.9685,51,101,246,20,0,0,0,1,0
464.220114,19,17,74,2,0,1,0,0,0
547.324856,38,47,328,1,0,1,0,0,0
206.995773,0,12,31,7,0,1,0,0,0
298.864182,19,6,38,0,0,1,0,0,0
212.234528,48,151,573,23,0,0,1,0,0
131.151913,0,24,48,0,0,0,0,0,1
178.1356,0,21,14,0,0,0,0,0,1
70.7966899,0,8,24,0,0,0,0,1,0
139.825968,0,0,43,0,0,0,0,0,1
143.931836,0,14,8,3,0,0,0,0,1
281.61041,37,77,405,17,0,0,0,0,1
139.470229,0,34,65,0,0,0,0,0,1
58.958597,0,14,24,1,0,0,0,0,1
83.518074,0,6,44,0,0,0,0,1,0
136.790561,0,29,90,5,0,0,0,1,0
134.953822,0,23,86,0,0,0,0,0,1
85.2461379,0,21,103,0,0,0,0,1,0
137.234315,0,37,99,5,0,0,0,1,0
45.653351,0,22,53,0,0,0,0,1,0
242.329858,9,24,62,11,0,0,0,1,0
102.418157,0,24,26,0,0,0,0,1,0
211.60786,16,17,45,0,0,0,0,0,0
143.674424,0,18,34,0,0,0,0,0,0
119.857964,0,42,82,0,0,0,0,1,0
189.776474,55,19,191,3,0,0,0,1,0
275.449924,12,15,53,9,0,1,0,0,0
137.61948,0,40,203,12,0,0,0,0,0
208.185708,0,25,91,6,0,0,0,0,0
186.168231,20,14,109,1,0,1,0,0,0
181.762698,0,60,79,0,0,0,0,0,0
106.414521,6,51,113,14,0,1,0,0,0
61.7531255,0,18,35,0,0,1,0,0,0
88.3463407,0,35,43,1,0,0,1,0,0
231.993143,10,20,15,0,0,1,0,0,0
200.461491,11,179,549,25,0,0,1,0,0
94.1521027,9,17,23,0,0,1,0,0,0
239.78027,38,157,349,16,0,0,0,1,0
184.035847,0,29,56,0,0,0,0,1,0
159.665197,0,20,44,0,0,0,0,1,0
116.64752,0,53,56,5,0,0,0,0,0
76.1509368,0,39,56,9,0,0,0,1,0
233.294093,0,31,180,0,0,1,0,0,0
205.073503,26,79,375,1,0,1,0,0,0
124.194291,12,102,219,3,0,0,0,0,0
222.151259,3,74,150,6,0,0,0,0,1
144.847855,0,35,80,1,0,1,0,0,0
490.277265,12,191,548,20,0,0,0,0,1
438.382506,28,144,104,20,0,0,0,0,1
176.568591,24,47,177,15,0,0,0,0,1
119.01572,4,45,87,2,0,0,0,0,1
42.2824182,0,13,21,0,0,0,0,0,1
106.434876,0,56,75,8,0,0,0,0,1
56.0060345,0,0,60,0,0,0,0,0,1
125.079385,13,44,149,7,0,1,0,0,0
316.884325,43,148,217,28,0,0,0,1,0
126.671244,0,48,28,0,0,0,0,0,1
180.914281,0,42,116,0,0,1,0,0,0
217.45382,0,29,14,0,0,0,0,1,0
72.6570895,0,19,21,1,0,0,0,1,0
116.037794,0,35,19,3,0,0,0,1,0
37.7433809,0,0,44,0,0,0,0,1,0
349.606532,6,66,61,25,0,0,0,0,1
117.115874,0,31,86,2,0,1,0,0,0
99.3466056,0,22,458,0,0,0,0,0,0
119.573777,0,70,264,5,0,0,0,0,1
130.325824,0,71,38,0,0,0,0,0,1
143.272037,0,10,96,0,0,0,0,0,1
154.494105,13,54,21,16,0,0,0,0,0
21.5340163,0,7,16,0,0,0,0,1,0
231.853295,27,80,308,22,0,0,0,0,1
274.445045,20,110,236,2,0,0,0,1,0
243.600124,0,12,46,0,0,0,0,1,0
67.6263155,0,20,23,0,0,1,0,0,0
99.3630081,0,0,13,0,0,0,0,1,0
282.295728,0,15,43,0,0,1,0,0,0
123.603708,0,22,17,0,0,1,0,0,0
83.5989258,0,10,9,0,0,1,0,0,0
201.874486,0,71,122,22,0,0,0,0,1
186.505639,20,71,99,4,0,0,0,0,1
202.216752,8,42,79,0,0,1,0,0,0
485.402133,47,53,107,7,0,1,0,0,0
188.683721,0,49,60,5,0,1,0,0,0
89.0552689,0,0,42,0,0,1,0,0,0
153.176952,0,23,21,0,0,1,0,0,0
163.328179,0,44,70,4,0,1,0,0,0
249.46644,0,7,450,0,0,0,0,0,0
299.626842,14,41,11,11,0,1,0,0,0
187.541193,8,2,39,0,0,0,0,1,0
85.777017,12,5,20,0,0,1,0,0,0
97.345533,0,21,62,0,0,0,0,0,1
110.03741,0,11,21,0,0,0,0,1,0
62.118647,0,0,58,0,0,0,0,0,1
152.059865,0,20,96,1,0,0,0,1,0
253.620337,24,12,243,0,0,0,0,0,0
273.763325,0,44,101,1,0,0,0,0,0
70.0608094,0,9,58,0,0,1,0,0,0
308.328635,23,10,11,3,0,1,0,0,0
52.5436564,6,9,126,0,0,1,0,0,0
40.2436025,5,2,105,0,0,1,0,0,0
139.396316,17,63,51,12,0,0,0,1,0
59.6493577,0,15,24,0,0,0,0,1,0
101.660418,0,24,94,1,0,0,0,0,1
210.727349,11,50,103,8,0,0,0,0,1
293.748707,8,44,26,0,0,1,0,0,0
162.875281,17,17,121,0,0,1,0,0,0
319.412061,31,23,72,1,0,1,0,0,0
141.042951,27,39,265,0,0,0,0,0,1
218.959159,0,79,210,0,0,0,0,0,0
139.253085,0,22,5,0,0,1,0,0,0
99.2812371,0,7,31,0,0,0,0,1,0
127.511773,0,13,9,0,0,0,0,1,0
143.398033,16,30,211,1,0,1,0,0,0
100.280707,16,30,211,1,0,1,0,0,0
122.299804,0,26,23,0,0,1,0,0,0
265.379184,0,18,25,10,0,0,0,1,0
233.6567,11,53,184,20,0,0,1,0,0
110.556387,0,12,79,8,0,1,0,0,0
395.727756,26,39,325,34,0,0,0,0,0
241.406518,0,27,88,7,0,0,0,1,0
329.085223,43,13,281,0,0,1,0,0,0
237.21939,15,36,111,1,0,0,0,0,1
140.744089,0,11,30,2,0,0,0,0,1
133.958597,0,13,10,1,0,0,0,0,1
202.157611,0,18,54,9,0,1,0,0,0
119.963142,0,12,37,0,0,0,0,0,1
392.261124,0,22,4,1,0,1,0,0,0
430.877028,14,38,112,8,0,0,0,0,0
458.512101,12,76,546,31,0,0,0,0,0
525.667515,29,14,80,0,0,0,0,0,0
222.442751,21,37,264,2,0,0,0,0,0
297.100077,15,3,34,1,0,1,0,0,0
719.080882,22,67,369,26,0,0,1,0,0
350.584093,35,47,170,4,0,0,0,0,0
368.650368,19,22,182,9,0,0,1,0,0
273.172216,0,10,36,0,0,0,0,0,0
392.198254,0,39,55,3,0,0,0,1,0
412.407688,0,50,41,3,0,0,0,1,0
258.541665,0,13,14,0,0,0,0,1,0
268.871333,54,126,473,35,0,0,0,1,0
230.308162,9,23,87,4,0,0,0,1,0
364.862527,28,32,113,0,0,0,0,1,0
212.714221,0,26,95,0,0,0,0,0,1
490.251111,16,21,36,7,0,0,0,0,1
392.265811,22,30,212,0,0,0,0,0,1
130.143782,0,0,76,0,0,0,0,1,0
512.259159,2,66,123,10,0,0,0,0,1
50.4750155,0,0,22,0,0,0,0,1,0
116.851813,10,8,94,0,0,0,0,1,0
515.515893,8,29,36,15,0,0,0,0,1
310.558835,0,16,20,0,0,1,0,0,0
310.666526,8,23,29,1,0,0,0,1,0
450.632968,11,35,132,4,0,1,0,0,0
169.056264,0,42,412,12,0,0,0,0,0
98.1157426,0,0,39,0,0,1,0,0,0
207.128334,22,8,109,0,0,1,0,0,0
214.964378,0,41,208,8,0,0,0,0,0
237.621528,0,17,13,0,0,1,0,0,0
225.749648,0,15,133,5,0,1,0,0,0
185.375804,0,28,35,0,0,1,0,0,0
237.80183,7,20,21,16,0,1,0,0,0
111.509608,0,16,309,0,0,0,0,0,0
123.994217,0,15,26,6,0,1,0,0,0
310.762002,0,3,105,0,0,0,0,0,0
265.933338,0,25,111,0,0,0,0,0,1
362.590317,17,20,45,8,0,0,0,1,0
381.719343,50,50,450,21,0,0,0,1,0
244.219726,10,9,75,3,0,0,0,1,0
282.037503,0,21,40,0,0,0,0,1,0
190.240037,0,91,364,10,0,0,0,1,0
234.096614,0,62,189,0,0,1,0,0,0
174.77387,0,0,23,0,0,0,0,0,1
86.0353176,0,11,99,0,0,0,0,1,0
103.674401,0,35,120,4,0,0,0,1,0
461.334046,36,62,212,1,0,0,0,1,0
243.305715,13,32,45,9,0,0,0,0,0
196.076972,0,23,26,0,0,0,0,0,0
82.1054638,0,4,36,0,0,0,0,0,0
446.97388,11,18,31,16,0,0,0,0,1
159.291858,0,15,38,8,0,0,0,0,0
250.722494,10,30,29,0,0,1,0,0,0
298.184474,7,49,92,4,0,1,0,0,0
200.567906,0,18,28,0,0,1,0,0,0
174.266195,19,16,137,11,0,0,0,0,0
