qplume,red,green,blue,source_type_nan,source_type_pipeline,source_type_processing,source_type_tank,source_type_well
296.6767318,0,12,155,0,0,0,0,0
640.968143,6,14,31,0,0,0,1,0
1091.242729,41,79,17,0,0,0,1,0
420.725207,0,38,30,0,0,0,1,0
1051.9096,82,50,89,0,0,0,1,0
285.7811578,0,18,52,0,0,0,0,0
2579.5281,223,532,2332,0,0,0,1,0
870.605019,75,57,57,0,0,0,1,0
4437.72311,1067,3316,3385,0,0,1,0,0
1054.020943,59,1435,1136,0,0,1,0,0
242.3690202,8,192,48,0,1,0,0,0
1736.64425,224,317,614,0,1,0,0,0
140.0104626,0,57,45,0,0,0,0,0
731.195758,150,271,215,0,0,0,1,0
85.45160631,0,30,45,0,0,0,1,0
187.219294,0,76,10,0,0,0,1,0
153.294905,0,8,2,0,0,0,1,0
612.2835925,40,80,142,0,0,0,1,0
96.51639797,0,25,57,0,0,0,1,0
540.0119141,10,73,32,0,0,0,0,0
155.6382927,0,0,27,0,0,0,1,0
630.7864836,0,39,8,0,0,1,0,0
668.1475667,0,49,13,0,0,0,0,0
5665.2427,550,904,2954,0,0,0,0,1
1986.21993,331,646,2056,0,0,0,0,0
1462.8549,202,424,1143,0,0,0,0,0
432.4084353,9,11,14,0,0,0,1,0
531.1021735,5,10,6,0,0,0,1,0
252.3347201,41,138,237,0,0,0,0,1
173.062009,0,31,6,0,0,1,0,0
534.1301957,24,43,0,0,0,0,1,0
349.6401022,3,105,9,0,0,0,1,0
174.2647683,0,30,75,0,0,0,0,1
744.746832,95,181,176,0,1,0,0,0
1325.8317,85,131,134,0,0,0,0,0
467.889743,28,33,320,0,1,0,0,0
753.524542,17,167,172,0,0,0,0,0
3125.75665,152,68,49,0,0,0,0,1
1021.17792,89,440,2520,0,0,0,0,0
2277.54531,275,327,296,0,0,0,0,0
1027.05861,60,36,5,0,0,0,1,0
612.3415524,26,84,25,0,0,0,1,0
640.9088204,41,24,28,0,0,0,1,0
383.749938,10,40,268,0,0,0,0,0
375.447796,3,26,201,0,0,0,1,0
1853.45163,257,660,587,0,0,0,0,1
1632.80026,404,304,632,0,0,0,0,1
419.7539721,0,34,19,0,0,0,1,0
381.0252811,0,41,46,0,0,0,1,0
111.6109464,0,15,140,0,0,0,1,0
1365.64517,31,66,17,0,0,0,1,0
1582.97491,216,470,313,0,0,0,0,0
1375.65445,79,168,338,0,0,0,1,0
2834.59614,396,954,2971,0,0,0,1,0
391.4720024,0,32,53,0,0,0,1,0
934.4303004,55,117,85,0,0,0,1,0
629.4820655,18,73,16,0,0,0,0,1
667.1255234,30,46,14,0,0,0,0,1
385.7722524,8,26,9,0,0,0,0,0
487.1907336,15,38,34,0,0,0,0,1
120.8458942,0,66,8,0,0,0,1,0
238.3817356,38,67,17,0,1,0,0,0
205.9498017,0,32,24,0,0,0,0,1
170.3880868,0,10,61,0,0,0,1,0
361.4135527,4,57,30,0,0,0,1,0
2054.53964,205,244,606,0,1,0,0,0
1120.37959,206,192,133,0,0,0,1,0
1070.42914,219,194,392,0,0,0,0,0
227.140694,17,75,161,0,1,0,0,0
729.323802,134,118,239,0,0,0,1,0
97.48068317,0,0,9,0,0,0,0,0
364.1440129,10,11,12,0,1,0,0,0
1744.57611,88,298,108,0,0,0,1,0
931.8897908,19,112,232,0,0,0,0,0
3308.12158,200,323,275,0,0,1,0,0
374.2858981,0,53,56,0,0,0,1,0
299.8469296,0,3,92,0,0,0,0,1
447.9894555,0,10,51,0,0,0,0,0
279.8865322,0,3,23,0,1,0,0,0
326.5623025,0,17,72,0,0,0,1,0
327.9758125,0,16,55,0,0,0,1,0
682.9107209,110,349,562,0,0,1,0,0
333.7060734,0,7,13,0,1,0,0,0
358.7560947,0,13,28,0,0,0,1,0
325.5288399,0,0,3,0,1,0,0,0
295.7223314,0,20,25,0,1,0,0,0
405.8393045,0,0,20,0,1,0,0,0
11164.8973,1145,478,191,0,0,1,0,0
874.760587,13,363,240,0,0,0,1,0
1745.21488,85,183,71,0,0,0,0,1
236.3979319,0,2,1,0,1,0,0,0
3136.96321,371,265,112,0,0,0,1,0
2657.45291,227,279,184,0,0,0,1,0
508.1478294,0,49,22,0,0,0,0,0
108.1804592,0,5,7,0,0,0,0,0
495.990285,13,55,186,0,0,0,1,0
791.7045369,61,122,74,0,0,0,0,0
1074.75311,46,106,210,0,0,0,1,0
3723.63001,613,473,2367,0,0,0,1,0
174.2618799,8,17,51,0,0,0,1,0
123.8841093,0,17,26,0,0,0,1,0
813.08473,34,108,156,0,0,0,1,0
2850.47977,589,783,788,0,0,0,0,0
882.56483,51,139,34,0,0,0,1,0
200.3597647,7,40,28,0,0,0,1,0
118.877459,0,21,44,0,0,0,0,0
369.211195,50,341,1160,0,0,0,0,0
1184.89086,79,262,479,0,0,0,1,0
1855.4302,270,396,230,0,0,0,1,0
304.062294,116,114,108,0,0,0,0,0
681.518343,140,282,875,0,0,0,0,0
321.4729047,18,57,44,0,0,0,0,0
99.12754695,0,12,32,0,0,0,1,0
31.10532583,0,22,41,0,1,0,0,0
670.2880626,0,33,24,0,0,0,1,0
133.5915943,0,7,30,0,0,0,1,0
743.01428,91,318,664,0,0,0,0,1
244.192824,11,69,129,0,0,0,0,0
338.6537735,8,44,15,0,0,0,1,0
124.1640793,0,35,21,0,0,0,1,0
97.66509068,0,0,70,0,0,0,1,0
117.8560185,0,0,111,0,0,0,0,0
818.4664113,41,21,3,0,0,0,1,0
304.964239,14,61,109,0,0,0,0,0
169.5962437,0,41,80,0,0,0,0,0
390.8180825,0,25,12,0,1,0,0,0
1815.02102,270,709,872,0,0,0,0,1
2129.60133,104,112,285,0,1,0,0,0
504.584706,0,80,71,0,0,0,0,1
440.230591,0,89,275,0,0,0,1,0
952.517153,30,41,256,0,0,0,0,0
848.8112783,108,65,18,0,0,0,0,1
919.5151465,141,122,75,0,0,0,0,1
154.7499784,0,10,19,0,0,0,1,0
155.21577,0,42,8,0,0,0,0,0
294.9165636,0,24,17,0,0,0,1,0
355.3981096,0,17,7,0,0,0,1,0
966.994118,0,46,31,0,0,0,0,1
922.870425,27,23,49,0,0,0,1,0
1117.67458,10,141,647,0,1,0,0,0
191.2112227,0,3,29,0,0,0,1,0
237.2388159,0,6,35,0,0,0,1,0
643.698816,19,146,129,0,0,0,0,0
134.1400618,0,25,68,0,0,1,0,0
1611.16361,227,240,445,0,0,0,1,0
745.016475,30,53,47,0,1,0,0,0
384.5838067,0,12,4,0,0,0,0,1
440.389173,9,69,26,0,0,0,1,0
1255.80753,103,70,417,0,0,0,1,0
462.973832,51,71,40,0,0,0,0,0
849.764108,13,65,272,0,0,0,0,0
827.559842,60,178,175,0,0,0,0,0
2251.845554,170,365,268,0,0,0,0,0
399.3477921,5,87,98,0,0,0,1,0
710.047746,34,168,199,0,0,0,0,0
761.671264,27,63,26,0,0,0,0,0
773.303494,27,126,117,0,0,0,1,0
482.992296,13,87,313,0,0,0,0,1
282.0579198,0,63,93,0,0,0,1,0
487.3075143,0,102,133,0,0,0,1,0
875.4103,98,68,167,0,0,0,1,0
918.283089,111,74,0,0,0,0,0,1
638.376914,36,256,125,0,0,0,0,0
260.6479061,0,205,38,0,0,0,1,0
299.5366845,0,63,131,0,0,0,0,0
560.085729,99,253,246,0,0,0,1,0
936.65357,144,150,25,0,0,0,1,0
269.6904103,0,52,76,0,0,0,1,0
208.3841477,0,25,127,0,0,0,1,0
270.1892636,0,31,10,0,0,0,1,0
1972.8963,120,61,111,0,0,0,1,0
150.616978,0,105,35,0,0,0,0,0
912.859719,101,191,417,0,0,0,0,0
1000.84429,36,40,38,0,0,0,0,1
1885.82581,68,264,361,0,0,0,0,0
268.5315794,0,56,32,0,0,0,1,0
461.8515364,0,25,17,0,0,0,1,0
265.0963536,0,0,37,0,0,0,0,1
125.8877564,0,1,53,0,0,0,0,1
890.0119327,0,56,78,0,0,0,1,0
558.6170736,3,36,15,0,1,0,0,0
691.0449871,25,32,58,0,0,0,1,0
417.5715493,19,42,72,0,0,0,0,1
443.0984843,9,94,130,0,0,0,1,0
141.1086093,0,9,31,0,0,0,0,1
220.1651534,0,12,72,0,0,1,0,0
592.2450581,0,49,58,0,0,0,0,0
810.678039,7,111,153,0,0,0,0,0
1748.91409,96,207,302,0,0,0,0,1
462.1519058,0,151,109,0,1,0,0,0
195.4880121,0,44,55,0,0,0,0,0
128.3334776,0,13,116,0,0,0,0,0
287.77739,16,145,196,0,0,0,1,0
332.116939,17,105,141,0,1,0,0,0
835.602765,24,174,86,0,0,0,0,0
1111.36052,15,100,164,0,1,0,0,0
1012.5479,26,106,256,0,0,0,0,0
719.2792136,0,33,45,0,0,0,0,0
453.3897237,0,9,45,0,0,0,0,0
852.090745,36,113,20,1,0,0,0,0
298.0660454,8,121,235,0,1,0,0,0
654.682639,60,196,223,0,1,0,0,0
128.4679051,0,17,14,0,1,0,0,0
581.149089,49,144,227,0,0,0,0,0
223.3134062,0,63,181,0,0,0,0,0
257.1056888,0,45,17,0,0,0,0,0
187.5095241,0,62,17,0,0,0,1,0
904.294862,404,535,680,0,0,0,0,1
1246.606953,417,527,429,0,0,0,0,0
650.9680791,27,1179,4035,0,0,0,1,0
711.368973,16,40,76,0,0,0,1,0
344.5577897,7,105,60,0,0,0,1,0
899.178387,37,26,72,0,0,0,1,0
409.3545105,0,110,82,0,0,0,0,1
357.8774998,0,39,10,0,0,0,1,0
2159.78761,823,428,709,0,0,0,1,0
2431.49544,722,1356,1672,0,1,0,0,0
151.3653413,0,67,36,0,0,0,0,1
200.8879729,0,36,133,0,0,0,0,1
2421.26779,601,441,467,0,0,0,1,0
962.079967,64,259,2239,0,1,0,0,0
2708.66276,70,1076,4821,0,0,0,1,0
1613.11293,210,176,936,0,0,0,0,1
1602.89772,100,175,1799,0,0,0,1,0
2023.432656,36,434,5467,0,0,0,0,0
80.38339024,0,32,45,0,0,0,0,0
524.5475137,3,41,55,0,0,0,1,0
787.411614,0,105,165,0,0,0,0,1
1533.921357,0,315,1387,0,1,0,0,0
458.006694,60,138,46,0,0,0,0,0
829.189256,152,303,1918,0,0,0,1,0
626.593274,145,754,566,0,0,0,1,0
3013.47644,353,823,1557,0,0,0,0,0
1711.366797,60,83,10,0,0,0,1,0
480.4927081,0,35,15,0,0,0,1,0
393.7847708,27,75,220,0,0,0,1,0
625.108449,10,188,559,0,0,0,1,0
259.7773322,5,88,77,0,0,0,0,1
263.4101269,6,80,71,0,0,0,0,0
208.1942354,0,44,125,0,0,0,0,0
173.3919788,0,14,3,0,0,0,0,0
377.612437,41,91,37,0,0,0,1,0
589.405903,0,39,17,0,0,0,0,0
82.08953503,0,97,21,0,0,0,0,0
189.234707,0,5,3,0,0,0,1,0
331.922222,0,14,0,0,0,0,0,1
133.2046758,0,15,3,0,0,0,1,0
95.22769544,0,25,12,0,0,0,0,1
301.3193929,10,23,4,0,0,0,1,0
244.1017158,24,52,2,0,0,0,0,1
287.9259027,0,5,9,0,0,0,1,0
390.8656331,10,172,74,0,0,0,1,0
315.4414993,0,22,7,0,0,0,0,0
626.7180176,0,50,20,0,0,0,1,0
327.65443,0,16,29,0,0,0,1,0
283.6500957,8,45,38,0,0,0,1,0
108.0801053,0,9,29,0,0,0,0,0
210.858818,31,294,142,0,0,0,0,0
208.950273,20,209,84,0,0,0,0,0
133.7304542,0,3,41,0,0,1,0,0
112.4815818,0,2,40,0,0,0,0,0
1308.59624,37,137,183,0,1,0,0,0
235.9915744,0,56,4,0,0,1,0,0
308.580886,58,136,140,0,0,0,0,0
215.719129,14,107,62,0,0,0,1,0
774.395236,14,36,94,0,0,0,0,0
309.0585211,0,29,34,0,0,0,1,0
587.444976,0,49,20,0,0,0,0,1
934.120365,67,220,108,0,0,0,1,0
103.3331823,0,24,21,0,0,0,0,1
770.558108,57,184,585,0,0,0,1,0
310.691721,6,69,94,0,0,0,0,0
73.0989595,0,56,21,0,0,0,0,0
300.4187832,0,33,29,0,0,0,0,0
132.3698378,0,6,11,0,0,0,0,0
1039.1628,0,97,15,0,0,0,0,1
2384.00818,162,175,255,0,0,0,0,1
362.6813306,0,18,16,0,0,0,1,0
123.151521,3,28,28,0,0,0,1,0
323.2806416,0,15,1,0,0,0,1,0
231.3270528,0,57,41,0,0,0,0,1
1694.22776,19,28,14,0,0,0,1,0
110.2587249,0,63,43,0,0,0,1,0
203.715259,0,23,13,0,0,0,1,0
204.0046078,0,12,23,0,0,0,0,1
172.591013,0,249,30,0,0,0,0,0
201.8287608,0,6,30,0,0,0,1,0
1583.012295,44,229,272,0,0,0,0,0
429.5689055,0,22,12,0,0,0,1,0
758.432399,13,245,1530,0,0,1,0,0
305.2800749,18,61,17,0,0,0,0,1
342.5071516,0,74,95,0,0,0,0,0
396.0328547,11,42,0,0,0,0,0,1
402.455125,11,39,95,0,0,0,0,1
691.423978,31,105,12,0,0,0,0,1
1613.1787,89,43,25,0,0,0,0,1
175.0044956,0,11,10,0,0,0,1,0
343.349786,16,573,851,0,1,0,0,0
1160.18995,0,153,57,0,1,0,0,0
445.280579,4,102,222,0,0,0,0,0
1269.52413,18,157,32,0,0,0,0,1
476.858185,11,56,16,0,1,0,0,0
209.3345854,3,27,16,0,1,0,0,0
123.4018373,0,112,21,0,1,0,0,0
107.3478433,0,120,49,0,0,0,0,1
515.352338,0,20,14,0,0,0,0,0
412.439481,17,41,60,0,0,0,0,0
1797.63269,403,384,294,0,0,0,0,0
224.7335296,0,36,16,0,0,0,0,0
668.255045,0,120,89,0,0,0,0,0
402.559668,27,157,49,0,0,0,1,0
190.0648689,0,11,155,0,0,0,1,0
788.839415,60,258,204,0,0,0,1,0
471.237173,48,307,198,0,0,0,1,0
924.749978,73,63,72,0,1,0,0,0
765.224252,52,100,18,0,0,0,1,0
1018.642741,197,505,461,0,0,0,0,1
443.035536,0,111,38,0,0,0,0,1
323.636611,6,44,30,0,0,0,0,0
3706.87622,366,200,283,0,0,0,0,0
1574.10717,85,157,147,0,0,0,0,0
236.6721288,0,113,22,0,0,0,0,0
356.3421587,0,9,0,0,0,0,1,0
496.1698729,0,86,134,0,0,0,0,1
423.3571014,6,88,109,0,0,0,0,0
148.7449476,0,0,9,0,0,0,1,0
516.8878224,0,26,40,0,0,0,0,0
1094.89269,18,106,2,0,0,0,1,0
452.505394,13,244,68,0,0,0,0,0
967.146736,65,96,149,0,0,0,0,0
1851.87417,54,264,175,1,0,0,0,0
282.3053475,0,6,3,0,0,0,1,0
711.9103502,0,30,7,0,0,0,1,0
1517.23292,156,282,107,0,0,0,0,1
1448.05089,229,530,1157,0,1,0,0,0
1052.49907,35,271,223,0,1,0,0,0
543.146985,10,77,110,1,0,0,0,0
2398.15007,431,430,216,0,0,0,1,0
5784.07412,828,550,1521,0,0,1,0,0
791.7441607,65,119,213,0,0,0,1,0
610.7701726,0,21,12,0,0,0,0,1
11687.9421,2336,328,726,0,0,1,0,0
700.466586,9,37,10,0,0,0,1,0
5065.505615,897,1558,5389,0,0,1,0,0
663.052711,25,368,325,0,0,0,0,0
366.217934,7,378,6,0,0,0,0,0
841.178075,18,422,32,0,0,0,0,0
400.8218296,0,25,24,0,0,0,0,0
402.4530607,0,115,17,0,0,0,0,0
311.1256745,0,275,109,0,0,0,0,0
122.2130141,0,68,41,0,0,0,0,0
301.9736946,0,49,6,0,0,0,0,0
448.7270464,0,396,32,0,0,0,1,0
1429.264756,2,627,1,0,0,0,0,0
381.169483,57,154,432,0,0,0,1,0
464.073251,15,154,182,0,0,0,0,1
751.824738,0,567,47,0,0,0,1,0
1088.25638,13,272,238,0,0,0,0,1
158.697691,0,36,6,0,0,0,0,1
366.7144986,0,76,17,0,0,0,1,0
175.4113766,0,43,103,0,0,0,1,0
142.8022206,0,20,4,0,0,0,1,0
484.478402,0,1259,73,0,0,0,1,0
341.4959749,6,50,294,0,0,0,1,0
196.9833609,0,101,95,0,0,0,1,0
112.7832998,0,86,66,0,0,0,0,1
201.5655725,0,457,23,0,0,0,1,0
2577.86405,93,478,283,0,0,0,1,0
1236.464411,29,278,59,0,0,0,1,0
157.9988314,0,62,26,0,0,0,0,0
640.5125639,14,41,6,0,0,0,1,0
203.9094351,3,111,32,0,0,0,0,0
806.660108,0,785,160,0,0,0,0,1
433.080613,33,373,98,0,0,0,1,0
1253.09758,15,917,72,0,0,0,0,1
325.060209,22,287,68,0,0,0,1,0
1249.35896,6,574,9,0,0,0,1,0
1118.47502,42,236,89,0,0,0,1,0
189.8614068,0,396,0,0,0,0,0,1
299.5741737,0,167,3,0,0,0,1,0
734.1063309,16,115,45,0,0,0,0,1
111.6879831,0,38,139,0,0,1,0,0
252.832449,0,295,21,0,0,0,0,0
92.1258163,0,103,24,0,0,0,0,0
146.1001089,0,25,73,0,0,0,0,1
130.861173,0,271,44,0,0,0,0,0
638.6757674,6,355,111,0,0,0,0,0
433.5998,0,556,38,0,0,0,1,0
378.3645472,11,474,78,0,1,0,0,0
99.03127016,0,22,49,0,0,1,0,0
154.4555633,0,431,9,0,0,1,0,0
130.3389045,3,18,41,0,1,0,0,0
300.3207879,17,37,52,0,0,0,0,0
288.3256937,24,9,52,0,1,0,0,0
217.8807562,0,20,0,0,1,0,0,0
130.0239617,0,88,22,0,0,0,0,0
256.319778,26,50,70,0,0,0,1,0
219.414312,0,110,168,0,0,0,0,0
402.133595,77,373,238,0,0,0,0,1
286.452416,28,58,284,0,0,0,1,0
301.015525,0,82,46,0,0,0,0,1
719.758337,24,124,148,0,0,0,1,0
256.8396449,8,46,120,0,1,0,0,0
192.1692028,3,22,46,0,0,0,0,0
242.5870817,0,21,20,0,0,0,1,0
313.0516242,0,51,27,0,0,0,1,0
232.3380001,0,29,108,0,0,0,1,0
193.6673933,0,163,94,0,0,0,1,0
156.4924293,0,12,19,0,0,0,1,0
117.2587222,0,0,36,0,0,0,1,0
96.13240776,0,16,29,0,0,0,1,0
157.4175488,0,16,46,0,0,0,1,0
82.52097037,0,24,23,0,0,0,1,0
593.9265073,171,649,1383,0,0,0,1,0
104.5643642,0,24,62,0,0,0,1,0
215.5477216,0,42,0,0,0,0,0,1
389.1844297,171,601,859,0,0,0,1,0
244.6100398,0,44,45,0,0,0,0,1
645.3541659,0,143,139,0,0,0,1,0
87.9895167,0,15,35,0,0,0,1,0
547.2142379,0,232,960,0,0,0,0,1
125.9371869,0,12,57,0,0,0,1,0
211.3154788,0,3,12,0,0,0,0,1
457.4158427,11,154,41,0,0,0,1,0
431.453429,0,231,60,0,0,0,1,0
183.0480151,0,0,19,0,0,0,0,1
228.006697,0,82,54,0,0,0,1,0
399.0673838,0,27,31,0,0,0,1,0
1049.043003,0,250,0,0,0,0,0,0
354.9423492,0,605,12,0,0,0,0,0
388.390235,0,214,1156,0,0,0,0,0
173.928926,0,35,500,0,0,0,0,0
155.0322759,0,60,14,0,0,0,0,0
444.2123747,0,415,9,0,0,1,0,0
212.3855445,0,17,55,0,0,1,0,0
1025.97933,74,69,50,0,1,0,0,0
356.1062593,7,86,59,0,0,1,0,0
696.6065836,0,185,9,0,0,0,0,1
400.285628,0,80,738,0,0,0,0,0
264.310519,14,49,66,0,0,0,0,0
541.557412,64,111,122,0,0,0,0,0
394.958101,25,79,96,0,0,0,1,0
66.2617875,0,426,21,0,1,0,0,0
104.4293986,0,17,51,0,0,0,0,1
176.3763971,0,25,16,0,0,0,1,0
269.6120804,6,45,132,0,0,0,0,0
349.2451862,0,14,2,0,0,0,1,0
426.159705,9,424,2086,0,0,0,1,0
461.818376,14,45,31,0,0,0,1,0
54.9598873,0,32,0,0,0,0,0,0
364.7066086,0,37,35,0,0,0,1,0
112.0573823,0,34,19,0,0,0,0,1
205.0636343,0,30,34,0,0,0,1,0
308.3353904,0,345,15,0,1,0,0,0
130.657852,4,4,0,0,1,0,0,0
67.82004991,0,17,29,0,0,0,0,0
378.147033,24,139,689,0,0,0,0,0
388.052092,28,280,538,0,0,0,0,0
565.337083,10,910,5,0,0,0,1,0
312.1626218,16,274,74,0,0,0,1,0
368.1366908,0,68,14,0,0,0,1,0
187.7159182,0,25,22,0,0,0,0,0
153.2929911,0,98,24,0,0,0,0,0
78.01128896,0,0,55,0,0,0,1,0
539.292226,36,146,94,0,0,0,1,0
142.369164,0,66,18,0,0,0,0,1
122.3527726,0,5,59,0,0,0,1,0
349.5649104,0,40,36,0,0,0,0,1
420.1645506,0,56,0,0,0,0,1,0
128.5481299,0,6,124,0,0,0,1,0
395.1574158,0,55,0,0,0,0,1,0
200.4013314,0,61,75,0,0,0,1,0
346.7013217,0,72,100,0,0,0,0,1
120.1499219,0,5,28,0,0,0,1,0
115.0328508,0,36,17,0,0,0,1,0
129.8840766,0,353,12,0,0,0,0,0
1032.39503,447,1047,1049,0,0,0,1,0
508.368091,29,178,447,0,0,0,1,0
1609.77999,181,614,623,0,0,0,0,0
208.209727,29,92,349,0,0,0,1,0
331.754059,26,163,679,0,0,0,0,1
683.734657,24,597,62,0,0,0,1,0
464.157162,0,608,66,0,0,0,1,0
85.89710876,0,10,258,0,0,0,1,0
332.8250119,0,105,1949,0,0,0,0,0
182.1252022,0,133,199,0,0,0,1,0
167.4000043,14,37,88,0,0,0,1,0
267.2179636,0,15,11,0,0,0,0,1
900.8994804,121,501,1051,0,0,0,0,0
553.9450542,24,78,19,0,0,0,0,0
344.8348486,17,29,77,0,0,0,1,0
88.69881853,0,0,15,0,0,0,0,1
225.6731358,4,43,309,0,0,0,1,0
79.47069114,0,17,48,0,0,0,1,0
263.1374258,0,29,12,0,0,0,1,0
249.8186179,0,83,123,0,0,0,1,0
526.5633194,0,94,5,0,0,0,1,0
321.4913692,0,25,11,0,0,0,1,0
437.4606877,0,613,64,0,0,0,1,0
374.8328464,0,360,0,0,0,0,0,1
210.1504862,0,19,27,0,0,0,0,1
924.8644422,0,468,61,0,0,0,1,0
944.201904,95,79,140,0,0,0,0,0
353.351298,43,78,74,0,0,0,1,0
162.6657431,0,54,19,0,0,0,0,0
514.508194,39,47,48,0,0,0,0,1
332.4903373,14,60,15,0,0,0,0,1
435.0975627,0,32,25,0,0,0,0,0
1471.466515,38,10,12,0,0,0,0,1
414.8522961,3,95,5,0,0,1,0,0
489.257213,10,54,151,0,1,0,0,0
286.553468,28,228,460,0,0,0,1,0
931.763672,98,159,54,0,1,0,0,0
717.27761,48,422,229,0,1,0,0,0
116.2827007,0,0,16,0,0,0,1,0
67.7398053,0,20,21,0,1,0,0,0
154.1515069,0,30,7,0,1,0,0,0
93.14873916,0,144,33,0,0,0,0,1
70.86252512,0,140,4,0,1,0,0,0
329.3083116,38,48,104,0,1,0,0,0
146.5325303,0,19,36,0,1,0,0,0
236.8409203,0,48,1,0,0,0,1,0
1008.277839,0,408,4,0,0,0,1,0
322.2285586,0,211,6,0,0,0,0,1
1165.98107,155,812,373,0,1,0,0,0
152.1775631,0,12,27,0,0,0,0,0
264.4217641,0,34,18,0,0,0,0,0
743.0634463,0,272,38,1,0,0,0,0
1238.290001,4,284,16,1,0,0,0,0
408.706507,0,30,82,0,0,1,0,0
721.3190831,10,51,12,0,0,1,0,0
900.080639,13,95,248,0,0,0,0,0
805.545496,11,264,198,0,0,0,0,0
269.5677569,0,60,32,0,0,0,0,0
1899.02578,90,39,0,0,0,0,1,0
310.0723745,0,16,25,0,0,0,1,0
512.1134312,9,44,34,0,0,0,0,0
297.1580304,0,2,1,0,0,0,1,0
511.0424046,14,84,20,0,0,0,0,0
155.2187223,0,9,1,0,0,1,0,0
401.556236,0,100,1,0,0,0,0,1
837.52324,0,53,101,0,0,0,0,0
337.3426339,0,11,0,0,1,0,0,0
133.9276142,0,13,18,0,1,0,0,0
589.7625931,0,19,0,0,1,0,0,0
1072.26254,138,455,358,0,0,0,0,1
2091.77387,144,91,138,0,0,0,1,0
224.434651,0,59,190,0,0,0,1,0
1813.656231,10,35,7,0,0,0,1,0
745.7648187,0,41,6,0,0,0,1,0
773.4274759,0,30,16,0,0,0,1,0
259.6941181,0,9,33,0,0,0,1,0
208.2654262,0,12,16,0,0,0,0,0
322.2563108,0,13,16,0,0,0,0,1
233.2044762,0,208,26,0,0,0,1,0
588.0494941,13,70,30,0,0,0,1,0
595.5986296,3,44,46,0,0,0,0,0
174.8197763,0,37,0,0,0,0,1,0
1192.675573,101,265,154,0,0,0,1,0
287.9388672,0,28,9,0,0,0,1,0
640.2567866,54,170,413,0,0,0,0,1
301.6861807,0,37,0,0,0,0,0,1
264.5365945,0,20,14,0,0,0,0,0
560.7541526,0,34,3,0,0,0,1,0
743.465905,15,82,16,0,0,0,0,1
925.521274,14,56,6,0,0,0,1,0
366.6702636,0,273,0,0,0,0,1,0
705.769863,0,36,9,0,0,0,1,0
680.0035283,0,34,23,0,0,0,1,0
454.1681688,0,20,17,0,0,0,1,0
492.8728135,0,18,0,0,0,0,1,0
138.2006666,0,56,12,0,0,0,1,0
193.1375154,0,2,25,0,0,0,1,0
1084.55606,14,45,112,0,1,0,0,0
973.482802,72,132,81,0,0,0,0,0
244.4931569,0,1,18,0,1,0,0,0
668.3299601,0,48,55,0,0,1,0,0
362.937378,0,16,5,0,1,0,0,0
131.6898665,0,1,14,0,1,0,0,0
334.2717549,0,14,16,0,0,0,0,0
251.526016,0,0,30,0,0,0,1,0
2623.37001,55,37,67,0,1,0,0,0
424.5589465,0,46,74,0,0,0,0,0
1373.27978,12,100,19,0,0,0,0,0
202.213348,0,107,108,0,1,0,0,0
332.2412516,0,29,57,0,0,0,0,1
404.2088677,0,149,15,0,0,0,1,0
786.349999,15,171,116,0,0,0,0,0
566.167645,0,75,35,0,0,0,0,1
183.1236477,0,3,15,0,0,0,1,0
181.3816348,0,21,16,0,1,0,0,0
227.7878092,0,8,5,0,0,0,0,1
1089.281584,3,19,3,0,0,0,0,1
107.6138806,0,3,24,0,0,0,0,0
156.4139863,0,53,12,0,0,0,1,0
425.206775,14,51,261,0,0,0,0,0
132.3336515,0,30,19,0,0,0,0,1
602.6817932,11,49,11,0,0,0,0,1
895.0346982,3,96,0,0,0,0,0,0
250.1641769,0,81,86,0,0,0,0,0
348.6788434,8,41,70,0,0,0,1,0
324.9827892,0,12,5,0,0,0,1,0
133.1687084,0,26,26,0,0,0,0,1
2274.32116,118,189,39,0,0,0,1,0
104.0890944,0,0,7,0,0,0,1,0
178.0152817,0,1,19,0,0,0,1,0
150.1681728,0,21,9,0,1,0,0,0
291.9874931,0,19,26,0,0,0,0,1
248.99743,0,13,2,0,0,0,1,0
742.3793148,16,74,31,0,0,0,1,0
389.5287254,0,30,11,0,0,0,1,0
826.823256,21,100,59,0,0,0,1,0
361.252287,23,51,110,0,0,0,1,0
477.718543,50,83,37,0,0,0,1,0
373.350129,0,31,121,0,0,0,1,0
439.4516965,0,15,40,0,0,0,1,0
222.0260909,0,1,1,0,0,0,0,1
741.1909568,0,58,30,0,0,0,1,0
439.7940545,0,17,21,0,0,0,0,0
378.6526065,0,16,2,0,0,0,1,0
743.4419339,0,69,0,0,0,0,1,0
621.4407882,0,143,34,0,0,0,1,0
716.4417295,16,31,34,0,0,0,1,0
227.0472822,0,1,21,0,0,0,1,0
127.6850158,0,41,46,0,0,0,1,0
387.6666558,10,43,8,0,0,0,0,0
204.6027808,0,6,20,0,0,0,0,1
228.8129985,0,26,6,0,0,0,0,0
308.1787441,0,15,16,0,0,0,0,0
384.7123477,0,37,9,0,0,0,1,0
645.5705893,0,47,0,0,0,0,1,0
841.376623,14,54,0,0,0,0,1,0
583.9427456,3,38,22,0,0,0,1,0
406.1534234,0,37,13,0,0,0,0,0
1333.32228,28,71,14,0,0,0,0,1
849.4730802,0,23,14,0,0,0,0,1
1271.36636,34,184,215,0,1,0,0,0
315.8711331,0,3,25,0,1,0,0,0
554.9784575,3,34,2,0,1,0,0,0
536.9209677,0,27,0,0,1,0,0,0
551.8655958,5,65,7,0,1,0,0,0
599.4120848,6,61,8,0,1,0,0,0
610.2250716,0,65,0,1,0,0,0,0
2507.560665,58,38,0,0,0,0,0,1
119.0423275,0,1,40,0,1,0,0,0
223.4941362,0,89,31,0,0,0,0,1
493.4186233,0,46,6,0,1,0,0,0
123.5215748,0,94,42,0,1,0,0,0
368.6072799,0,2,36,1,0,0,0,0
208.4975933,0,428,51,0,0,0,0,0
254.7550036,0,217,21,0,0,0,0,0
175.2629587,0,4,8,0,0,0,0,0
363.9485024,0,43,7,0,0,0,0,0
488.2973307,0,57,121,0,0,0,0,0
134.9354544,0,3,8,0,1,0,0,0
301.841321,0,37,9,0,0,0,0,0
576.53988,121,446,482,0,1,0,0,0
173.9180646,0,51,102,0,0,0,1,0
2538.80095,135,186,464,0,0,0,0,0
1049.781607,8,12,34,0,1,0,0,0
622.7696408,0,11,88,0,1,0,0,0
628.0166662,0,83,2,0,0,0,0,1
1195.8039,105,547,769,0,0,0,0,1
141.0094947,0,85,4,0,0,0,0,1
406.362189,0,159,16,0,0,0,0,1
298.7825758,0,235,29,0,0,0,1,0
295.4592881,0,119,259,0,0,0,0,1
317.1648215,0,106,56,0,0,0,0,1
507.3705318,0,66,48,0,0,0,1,0
323.4578634,0,9,22,0,0,0,0,0
1297.16333,19,108,296,1,0,0,0,0
1074.84189,36,300,196,0,0,0,0,1
350.2859292,0,1,9,0,0,0,0,1
623.0888138,0,20,78,0,0,0,0,1
1035.059008,8,16,3,0,0,0,1,0
270.2508085,0,7,10,0,0,0,0,0
679.9480337,0,8,23,0,0,0,0,1
1178.445969,0,24,130,0,0,0,1,0
567.7611727,0,0,9,0,0,0,0,1
506.0466098,0,53,34,0,0,0,1,0
510.3749038,0,42,26,0,0,0,1,0
265.0820848,0,3,31,0,0,0,0,1
591.9129921,0,8,9,0,0,0,0,1
2107.06446,110,359,201,0,0,1,0,0
163.7955514,0,7,64,0,0,0,1,0
692.2293595,5,216,2,0,0,0,0,1
248.2805633,0,149,8,0,0,0,0,1
1561.3132,0,63,74,0,1,0,0,0
1047.606629,0,305,83,0,1,0,0,0
743.2646027,0,107,86,0,1,0,0,0
4258.12159,155,648,599,0,0,0,1,0
301.422957,0,3,75,0,1,0,0,0
580.9082749,0,91,8,0,0,1,0,0
371.5863615,0,2,26,0,0,0,0,0
3384.93348,223,162,248,0,1,0,0,0
376.1358148,0,0,33,0,1,0,0,0
595.2589302,4,26,25,0,1,0,0,0
510.2203818,0,16,17,0,1,0,0,0
370.4413858,0,62,39,0,0,0,0,0
1848.58982,39,105,126,0,0,1,0,0
2101.37963,30,145,83,0,0,1,0,0
1634.364669,92,420,1132,0,0,0,1,0
482.9822814,0,55,111,0,0,0,1,0
517.7607324,0,8,0,0,1,0,0,0
514.7376707,0,7,12,0,1,0,0,0
607.612938,31,86,48,1,0,0,0,0
251.4965719,0,161,56,1,0,0,0,0
6924.17673,717,197,587,0,0,1,0,0
648.6472985,0,35,12,0,0,0,0,0
329.5182631,0,15,39,0,1,0,0,0
965.7386519,0,23,12,0,0,0,0,0
2172.39584,0,236,2282,0,0,0,0,1
413.925706,3,81,122,0,0,0,0,1
1190.64871,71,365,531,0,0,0,1,0
2067.82008,91,257,299,0,0,0,1,0
365.07341,0,72,53,0,0,0,1,0
1549.47148,12,358,6,0,0,0,0,1
277.0082824,0,272,21,0,0,0,1,0
693.1867926,0,35,164,0,1,0,0,0
1262.22784,19,1246,166,0,0,0,1,0
2807.66342,118,463,93,0,0,0,1,0
365.9615835,10,444,31,0,0,0,0,1
173.4446012,0,191,62,0,0,0,1,0
2028.57025,96,433,382,0,0,0,0,1
277.7942655,0,405,41,0,1,0,0,0
831.8247009,1,615,32,0,0,0,0,0
555.4126082,0,1064,32,0,0,0,0,1
707.5260027,0,44,14,0,0,0,1,0
507.4007688,0,123,71,0,0,0,0,0
251.0166477,0,443,6,0,1,0,0,0
513.6569264,0,94,50,0,0,0,0,0
320.523905,0,30,52,0,0,0,1,0
307.941878,0,29,11,0,0,0,0,1
1595.00404,243,249,69,0,0,0,1,0
543.964368,0,182,272,0,1,0,0,0
176.155745,0,2,10,0,0,0,0,1
356.369557,0,15,13,0,0,0,0,1
608.386565,0,19,0,0,0,0,0,0
286.364678,0,44,61,0,1,0,0,0
158.202976,0,2,16,0,0,0,0,1
187.870523,0,21,50,0,0,0,0,1
2034.75052,20,132,18,0,0,0,0,0
968.0456365,0,100,111,1,0,0,0,0
2381.477491,17,111,9,0,0,0,0,0
592.4652667,0,20,11,0,1,0,0,0
897.376482,0,226,1024,0,1,0,0,0
3208.30854,180,519,802,0,0,0,0,1
463.733284,0,85,16,0,0,0,1,0
3612.97088,355,370,3677,0,0,0,1,0
551.042126,27,12,80,0,0,0,1,0
223.230659,0,0,32,0,0,0,1,0
472.7786638,0,5,11,0,0,0,1,0
667.975014,8,42,319,0,1,0,0,0
205.337193,0,34,23,0,1,0,0,0
655.051619,0,37,175,0,0,0,1,0
1057.52266,17,42,37,0,0,0,1,0
189.4149,0,10,35,0,0,0,1,0
382.248316,0,24,29,0,0,0,1,0
201.491225,0,6,16,0,1,0,0,0
133.639601,0,1,7,0,1,0,0,0
2818.74374,244,588,202,0,0,0,0,0
260.391349,0,9,8,0,1,0,0,0
2561.58622,447,304,52,0,0,0,1,0
3190.85615,315,699,382,0,0,0,1,0
2214.63893,171,23,14,0,0,0,1,0
244.663025,0,38,60,0,0,0,0,0
503.2589504,0,202,56,0,0,0,0,1
524.4614315,0,180,1,0,0,0,0,1
500.0758654,0,100,37,0,0,0,0,0
340.047587,0,27,273,0,0,0,1,0
108.575437,0,4,10,0,0,0,0,1
277.110418,0,42,40,0,0,0,0,0
315.217222,0,104,224,0,0,0,0,1
1269.67034,0,180,193,0,0,0,1,0
705.862168,0,48,54,0,0,0,1,0
502.687769,0,46,61,0,0,0,0,0
518.269116,0,31,38,0,0,0,0,1
207.631438,0,11,11,0,0,0,1,0
191.409559,0,4,17,0,0,0,1,0
2336.09494,44,401,61,0,0,0,0,0
741.405412,0,155,0,0,0,0,1,0
263.1276294,0,216,26,0,0,0,0,1
850.593337,22,106,494,0,0,0,0,0
227.623808,0,23,40,0,1,0,0,0
483.237323,0,32,25,0,1,0,0,0
397.8758207,0,6,18,0,0,0,1,0
208.6258732,0,14,4,0,1,0,0,0
896.362683,46,113,486,0,0,0,1,0
978.769325,66,130,193,0,0,0,1,0
354.127134,0,47,13,0,0,0,0,1
2468.58423,521,158,60,0,0,0,1,0
855.083639,40,101,28,0,0,0,0,1
655.9088,0,29,74,0,0,0,0,1
204.172171,0,51,10,0,0,0,1,0
293.493022,0,76,91,0,0,0,0,1
1209.04604,0,185,137,0,0,0,1,0
878.313168,48,128,294,0,0,0,0,1
175.685846,0,2,52,0,0,0,1,0
543.390588,8,87,66,0,0,0,1,0
674.209065,0,27,21,0,0,0,0,0
229.19714,0,7,13,0,0,0,1,0
260.720904,0,0,11,0,0,0,1,0
270.03254,0,2,11,0,1,0,0,0
300.828639,0,13,16,0,1,0,0,0
105.816564,0,7,24,0,0,0,0,1
261.298288,0,18,16,0,1,0,0,0
644.491258,0,78,161,0,0,0,0,1
307.45609,0,5,61,0,1,0,0,0
347.082974,0,14,0,0,1,0,0,0
477.6362554,0,461,7,0,0,0,0,0
1525.07637,7,695,70,0,0,1,0,0
560.0398247,0,418,22,0,0,0,0,1
313.295857,0,20,46,0,0,0,0,1
704.846657,56,81,258,0,0,0,1,0
586.9233477,6,3,14,0,0,0,0,0
201.15872,0,4,41,0,0,0,1,0
265.141765,0,3,122,0,0,0,0,1
1338.07924,19,105,10,0,0,0,0,1
708.8180108,0,31,84,0,1,0,0,0
297.039449,0,29,7,0,1,0,0,0
113.581524,0,2,62,0,0,0,0,1
303.173357,0,19,83,0,1,0,0,0
859.153607,42,86,194,0,1,0,0,0
454.498367,0,17,9,0,0,0,1,0
1292.67163,38,339,197,0,1,0,0,0
263.065549,0,5,12,0,1,0,0,0
431.984617,5,4,4,0,1,0,0,0
270.798139,0,20,4,0,1,0,0,0
356.506605,0,51,68,0,1,0,0,0
260.592075,0,15,14,0,1,0,0,0
899.886904,49,60,134,0,1,0,0,0
313.410648,4,2,24,0,1,0,0,0
165.355028,0,6,7,0,1,0,0,0
197.929697,0,12,91,0,1,0,0,0
536.456215,11,42,25,0,0,0,1,0
452.093638,0,33,22,0,1,0,0,0
165.195509,0,4,27,0,0,0,1,0
237.521554,0,0,1,0,0,0,1,0
442.924024,6,24,27,0,1,0,0,0
409.40012,0,133,173,0,0,0,0,0
90.6752379,0,0,6,0,1,0,0,0
1435.19453,139,547,208,0,1,0,0,0
285.182121,0,27,86,0,1,0,0,0
293.860725,0,45,15,0,0,0,0,0
403.424797,0,45,40,0,1,0,0,0
382.112823,6,43,69,0,1,0,0,0
229.940701,0,19,19,0,1,0,0,0
171.298751,0,35,6,0,1,0,0,0
167.07326,0,0,9,0,1,0,0,0
314.347538,0,43,28,0,1,0,0,0
226.917626,0,17,22,0,1,0,0,0
3101.00099,456,427,271,0,1,0,0,0
1063.38635,73,88,92,0,1,0,0,0
386.779198,0,59,16,0,1,0,0,0
538.265427,25,22,6,0,1,0,0,0
276.577879,0,11,9,0,1,0,0,0
529.413695,14,94,129,0,1,0,0,0
1619.643454,15,65,148,0,0,1,0,0
2757.91583,169,190,201,0,0,1,0,0
729.552377,3,69,274,0,0,0,0,0
1899.035369,0,386,963,0,1,0,0,0
299.415617,0,15,59,0,1,0,0,0
490.37195,0,121,354,0,0,0,0,1
256.978326,0,12,24,0,1,0,0,0
3132.15106,0,591,2285,0,1,0,0,0
674.766758,22,97,245,0,0,0,0,1
387.125355,22,96,243,0,1,0,0,0
501.787722,0,6,27,0,0,0,1,0
218.38457,0,7,24,0,0,0,1,0
119.500331,0,3,13,0,0,0,1,0
242.242291,0,16,16,0,0,0,0,1
276.69757,0,0,2,0,0,0,0,1
258.966266,0,25,22,0,1,0,0,0
300.802419,0,11,5,0,0,0,1,0
155.626734,0,0,20,1,0,0,0,0
400.156057,0,25,4,0,0,0,1,0
423.925871,8,23,27,0,1,0,0,0
560.948654,0,58,6,0,1,0,0,0
2146.13977,89,154,146,0,0,0,1,0
1719.8818,45,78,211,0,0,0,0,0
1865.125476,39,161,266,0,0,0,1,0
6166.409548,114,158,102,0,0,1,0,0
1588.409922,44,70,174,0,0,0,0,0
2272.313059,85,143,110,0,0,0,1,0
592.6260657,0,5,17,0,0,0,0,0
618.360949,0,116,189,0,0,0,0,0
225.52949,0,1,9,0,1,0,0,0
936.881009,211,137,104,0,0,0,0,1
243.598194,5,33,73,0,1,0,0,0
182.1899985,0,316,13,0,0,0,0,0
3279.6858,103,215,57,0,0,0,1,0
1550.77178,75,334,257,0,0,0,0,0
632.326859,10,32,58,0,0,0,1,0
1147.06262,84,165,77,0,0,0,1,0
581.226978,0,244,371,0,0,0,1,0
1164.51434,74,304,299,0,0,0,1,0
455.8157177,0,46,20,0,0,0,0,1
491.5402651,0,116,21,0,0,0,1,0
758.4381953,0,104,10,0,0,0,0,1
1687.212683,46,57,11,0,0,0,1,0
1186.916156,0,27,13,0,0,0,1,0
545.578841,12,172,531,0,0,0,1,0
700.975167,112,248,445,0,0,0,1,0
515.742415,19,192,277,0,0,0,0,1
736.81322,7,525,58,0,0,0,1,0
290.694292,0,169,11,0,0,0,1,0
2845.3943,61,441,198,0,0,0,1,0
1010.99391,12,28,58,0,0,0,1,0
1189.83076,77,152,319,0,0,0,1,0
1569.2176,34,201,134,0,0,0,1,0
554.989454,4,71,75,0,0,0,1,0
804.123152,17,161,478,0,0,0,1,0
425.008991,7,21,93,0,0,0,0,0
607.554523,0,167,1,0,0,0,0,0
1482.06935,54,187,233,0,0,0,1,0
2261.86315,154,100,75,0,0,0,0,0
435.7466571,0,162,12,0,0,0,0,1
245.9690442,0,23,11,0,0,0,0,0
1529.87175,8,769,264,0,0,0,0,1
1790.53371,81,472,419,0,0,0,0,0
562.3114658,0,50,38,0,0,0,1,0
1209.006451,0,75,403,0,0,0,0,0
807.8541098,0,249,43,0,0,0,0,1
216.297223,0,15,8,0,0,1,0,0
655.161923,0,125,145,0,0,1,0,0
503.2400683,0,74,12,0,0,0,0,1
291.404106,0,236,17,0,1,0,0,0
491.8365421,0,37,13,0,0,0,1,0
267.1144916,0,135,91,0,0,0,0,0
785.7030843,0,46,17,0,0,0,1,0
267.0567121,0,245,9,0,0,0,0,0
426.9829701,0,253,19,0,0,0,0,1
348.0998484,0,32,28,0,0,0,1,0
424.7934818,0,118,0,0,0,0,0,1
303.6336011,0,24,27,0,0,0,0,1
36.65801549,0,2,5,0,0,0,1,0
330.664919,0,66,739,0,0,0,0,0
593.056063,8,21,27,0,1,0,0,0
380.0261381,0,16,2,0,1,0,0,0
619.326286,0,273,38,0,0,0,1,0
1074.76921,54,75,1,0,0,0,0,1
197.3676885,0,19,23,0,0,0,1,0
162.289125,0,14,13,0,0,0,1,0
431.9132581,0,25,30,0,0,0,1,0
507.2666134,0,70,0,0,0,0,1,0
171.154945,0,112,7,0,0,0,1,0
301.7982108,0,95,17,0,0,0,1,0
165.9838553,0,47,7,0,0,0,1,0
206.8955562,0,1,2,0,0,0,1,0
166.6062922,0,113,6,0,0,0,1,0
496.4279179,0,33,0,0,0,0,0,1
172.0122125,0,34,15,0,0,0,1,0
449.4200424,0,65,16,0,0,0,1,0
247.9665274,0,42,5,0,0,0,1,0
503.3491179,6,49,5,0,0,0,0,0
469.4314454,0,40,10,0,0,0,0,0
538.875605,0,200,434,0,0,0,1,0
754.00167,53,123,111,0,0,0,1,0
210.999697,0,34,104,0,0,0,0,1
179.227633,0,6,35,0,0,0,1,0
1015.84576,112,330,506,0,0,0,0,1
710.197494,27,134,182,0,0,0,1,0
268.773102,0,0,47,0,0,0,1,0
197.683894,0,24,100,0,0,0,1,0
204.410081,0,7,12,0,0,0,1,0
213.040442,0,8,44,0,0,0,1,0
144.345081,0,0,25,0,0,0,0,0
224.439851,0,8,157,0,0,0,0,1
335.232088,0,30,8,0,0,0,1,0
273.6194998,0,129,5,0,0,0,1,0
565.576404,8,70,64,0,1,0,0,0
292.085854,22,40,62,0,1,0,0,0
533.5891445,0,18,59,0,0,0,0,0
376.065679,0,41,62,0,0,0,0,0
953.689461,17,153,89,0,0,0,0,0
528.8342936,0,354,15,0,0,0,0,0
599.4331751,0,162,109,0,0,0,0,0
423.1430225,0,14,20,0,0,0,0,0
2060.89933,162,669,459,0,0,1,0,0
633.135315,44,234,59,0,0,0,0,0
1853.73674,54,52,6,0,1,0,0,0
721.6024379,0,39,22,0,0,0,0,0
414.7912363,0,83,0,0,0,0,0,0
358.092631,7,25,186,0,0,0,0,1
616.939591,0,77,44,0,0,0,0,0
877.532987,21,55,35,0,0,0,0,1
664.544483,7,61,115,0,0,0,0,1
588.960685,0,80,10,0,0,0,0,0
437.387492,0,96,146,0,0,0,0,0
632.549545,0,102,10,0,0,0,0,0
1241.006881,0,115,179,0,0,0,0,0
755.1676979,3,19,0,0,0,0,0,0
1200.12967,71,73,1,0,0,0,0,1
304.863065,0,54,38,0,0,0,0,1
5447.72402,633,856,403,0,0,0,0,1
533.7885183,4,54,64,0,0,0,1,0
690.2986962,28,138,194,0,0,0,0,0
687.312362,115,257,149,0,0,0,0,1
178.407205,0,90,55,0,0,0,0,1
1379.0287,18,256,152,0,0,0,1,0
1432.63581,27,280,315,0,0,0,1,0
1282.31443,23,92,132,0,0,0,0,0
456.024362,0,30,81,0,0,0,1,0
481.0048662,0,10,120,0,0,0,0,0
1369.79751,31,162,39,0,0,0,1,0
1247.53671,50,298,244,0,0,0,1,0
419.259004,1,82,44,0,0,0,0,1
226.9292883,0,552,30,0,0,0,1,0
733.0468462,0,677,7,0,0,0,1,0
311.2806437,0,234,28,0,0,0,0,0
321.7480055,0,152,13,0,0,0,0,0
1084.29961,0,232,141,0,0,0,1,0
484.312251,0,9,7,0,0,0,1,0
478.7075592,0,242,57,0,0,0,0,0
647.3503497,13,935,16,0,0,0,0,1
425.7122069,0,272,10,0,0,0,1,0
1170.334982,13,39,97,0,0,0,0,1
398.7815519,0,34,0,0,0,0,1,0
443.005938,0,14,72,0,0,0,1,0
966.142268,45,1165,1619,0,0,0,1,0
130.745098,0,0,61,0,0,0,1,0
3650.81914,285,516,1313,0,0,0,0,0
375.820082,0,118,137,1,0,0,0,0
438.711706,0,48,29,0,0,0,1,0
1603.57588,51,22,93,0,0,0,1,0
607.0405203,0,515,47,0,0,0,1,0
536.2594624,0,54,28,0,0,0,1,0
1756.927626,17,115,26,0,0,0,1,0
353.2959381,0,97,4,0,0,0,1,0
685.3203317,0,37,35,0,0,0,0,0
315.6488118,0,127,114,0,0,0,0,0
268.9962672,0,68,52,0,0,0,0,0
576.9921965,0,97,6,0,0,0,0,0
245.1460498,0,14,25,0,0,0,1,0
179.492609,0,8,24,0,0,0,1,0
139.176348,0,0,45,0,0,0,1,0
1189.020413,2,125,69,0,0,0,0,1
682.827038,0,114,273,0,0,0,0,1
258.116473,0,109,20,0,0,0,0,0
396.9798606,0,46,94,0,0,1,0,0
595.433101,0,181,546,0,0,1,0,0
2926.11943,127,538,683,0,0,0,1,0
1352.12084,379,322,162,0,0,0,1,0
852.112397,11,118,141,0,0,0,1,0
792.3369299,17,103,76,0,0,0,0,0
2007.49636,14,887,1247,0,0,0,0,0
448.835297,0,128,106,0,0,0,1,0
1051.93075,11,184,169,0,0,0,0,0
378.382865,0,37,2,0,0,0,0,1
2218.14658,204,304,393,0,0,0,0,1
3139.06986,100,16,4,0,0,0,0,1
946.5518,69,230,177,0,0,0,1,0
11239.5397,697,292,142,0,0,1,0,0
407.102627,0,92,182,0,0,0,0,0
2109.29513,17,253,105,0,1,0,0,0
4834.3514,201,407,0,0,0,0,0,0
1338.9385,17,861,71,0,0,0,0,1
1082.69267,26,500,7,0,1,0,0,0
313.976674,0,17,23,0,1,0,0,0
1193.60796,51,146,168,0,0,0,0,0
309.1426184,0,3,25,0,1,0,0,0
1034.41056,58,175,222,0,0,0,0,1
1719.80282,114,241,280,0,0,0,1,0
256.301006,3,66,156,0,0,0,0,0
706.243072,13,54,42,0,0,0,0,0
817.110599,11,178,120,0,0,0,0,0
1713.02011,17,297,39,1,0,0,0,0
1179.97091,9,318,31,1,0,0,0,0
866.754001,0,50,557,0,1,0,0,0
2192.1279,124,154,254,1,0,0,0,0
1972.78928,125,117,303,0,0,1,0,0
216.232868,0,82,1,0,1,0,0,0
117.990454,0,12,0,0,0,0,1,0
197.223869,0,5,9,0,1,0,0,0
164.070969,0,7,36,0,1,0,0,0
761.7710517,15,36,101,0,0,1,0,0
910.0147792,14,67,191,0,0,1,0,0
985.3510502,27,27,61,0,0,1,0,0
99.4657756,0,6,0,0,1,0,0,0
277.079951,0,2,55,1,0,0,0,0
1520.779642,1,1,1,0,0,0,0,0
1203.015,149,269,311,0,0,0,1,0
100.249373,0,23,47,0,0,0,0,1
142.4593267,0,24,1,0,0,0,0,1
95.10200706,0,32,0,0,0,0,0,1
106.7178697,0,9,3,0,0,0,0,1
182.692374,0,190,62,0,1,0,0,0
262.8689505,43,498,2711,0,0,0,1,0
236.844268,151,462,2916,1,0,0,0,0
330.2839098,63,490,1339,0,0,0,1,0
500.5813167,18,145,85,0,0,0,0,1
327.49983,50,193,1021,0,0,0,1,0
82.20425429,0,36,67,0,0,0,0,1
155.6609769,0,10,464,0,0,0,1,0
227.5793542,7,57,747,0,0,0,0,1
292.491487,40,113,601,0,0,0,0,1
449.5601513,16,168,665,0,0,0,1,0
257.748947,0,87,1273,0,0,0,1,0
291.2868199,6,57,432,0,0,0,0,1
238.724662,0,45,7,0,0,0,0,1
106.8081916,0,6,67,0,0,0,0,1
95.9631494,0,6,54,0,1,0,0,0
259.117843,44,343,790,0,0,0,0,0
410.149382,107,788,5157,0,0,0,0,0
1205.62883,186,699,4449,0,1,0,0,0
767.194668,302,506,412,0,1,0,0,0
319.377642,17,714,106,0,0,0,0,0
879.095996,93,438,1003,0,1,0,0,0
410.3909218,95,827,4314,0,0,0,0,0
114.2745348,4,31,228,0,1,0,0,0
204.5008743,51,127,387,0,1,0,0,0
287.3232507,0,72,116,0,0,0,0,0
298.3280494,6,62,3,0,1,0,0,0
139.1301598,0,133,20,0,0,0,0,0
101.0014426,0,20,7,0,1,0,0,0
169.4743089,0,80,218,0,0,0,0,0
889.2246754,87,295,889,0,1,0,0,0
322.8870742,0,123,117,0,0,0,0,0
315.3950114,0,123,111,0,0,0,0,0
133.534851,33,51,570,0,1,0,0,0
219.960038,91,71,195,0,0,0,0,1
425.855688,45,304,798,0,0,0,0,1
164.196488,0,115,1457,0,0,0,1,0
369.10702,205,257,1210,0,0,0,0,1
200.467127,14,386,137,0,0,0,0,1
303.912962,32,359,108,0,1,0,0,0
360.9978592,6,140,508,0,0,0,0,1
228.0399735,6,52,435,0,0,0,0,1
169.2980528,4,137,2301,0,0,0,1,0
113.2078655,0,46,1347,0,0,0,0,1
110.0471597,13,66,722,0,0,0,0,1
426.7538447,24,380,3995,0,0,0,1,0
4238.35494,2091,1209,3143,0,0,0,0,0
536.0170266,0,48,1546,0,1,0,0,0
232.412758,0,2,62,0,1,0,0,0
225.9172248,3,12,16,0,1,0,0,0
184.416252,36,56,299,0,1,0,0,0
309.86905,32,124,392,0,1,0,0,0
218.5694036,36,459,1627,0,0,1,0,0
677.6274113,0,200,1240,0,1,0,0,0
169.9190897,0,19,746,0,1,0,0,0
50.19968114,0,0,2,0,1,0,0,0
269.9011395,0,96,1309,0,1,0,0,0
293.5096488,27,128,329,0,1,0,0,0
408.671719,0,129,537,0,0,0,1,0
85.10266683,0,1,27,0,0,0,0,1
208.731919,12,58,90,0,0,0,0,1
480.599037,97,302,74,0,0,0,1,0
76.73415117,0,20,2,0,1,0,0,0
170.7633554,0,27,24,0,0,0,0,1
136.6040912,0,18,33,0,0,0,0,1
96.27259569,0,23,97,0,0,0,0,0
193.6484461,0,47,0,0,0,0,0,1
374.5252723,0,30,8,0,0,0,1,0
157.4603217,19,29,104,0,0,0,1,0
112.730392,0,35,38,0,1,0,0,0
219.62934,57,202,2274,0,0,0,0,1
112.703026,11,202,782,0,0,0,0,1
410.815844,59,751,2748,0,0,0,1,0
667.125676,32,63,31,0,0,0,1,0
322.2601521,0,219,3121,0,0,0,1,0
190.181068,27,235,1105,0,0,0,1,0
318.103393,29,362,3378,0,0,0,1,0
85.9264646,0,3,2,0,0,0,1,0
504.417585,29,100,11,0,0,0,0,1
347.1925883,48,313,1712,0,0,0,1,0
227.3234896,24,170,48,0,0,0,0,1
95.50349603,0,40,95,0,0,0,1,0
219.110425,99,342,948,0,0,0,0,1
259.178695,0,117,16,0,0,0,0,1
281.431443,6,217,87,0,0,0,0,1
330.9719495,26,297,4587,0,0,0,1,0
96.64074079,9,16,142,0,1,0,0,0
113.781573,0,6,30,0,0,0,1,0
137.0188082,0,24,34,0,0,0,0,1
404.4030279,0,66,83,0,0,0,0,1
106.5278305,0,230,7,0,0,0,0,1
98.63218203,6,33,48,0,0,0,1,0
119.570898,0,20,86,0,0,0,0,1
230.7546097,3,166,74,0,0,0,0,1
153.368562,17,448,61,0,0,0,1,0
198.4838472,15,125,2119,0,0,0,1,0
374.968647,83,92,25,0,0,1,0,0
112.9837182,0,3,34,0,0,0,0,1
277.0141701,19,35,23,0,1,0,0,0
269.4046371,0,29,5,0,0,0,0,1
271.250585,217,571,852,0,0,0,0,1
589.0834483,220,964,2531,0,0,0,0,1
327.100007,81,569,5800,1,0,0,0,0
212.184334,45,313,1916,0,0,0,1,0
221.783258,136,280,1352,1,0,0,0,0
621.130839,302,251,283,0,1,0,0,0
646.765959,0,767,165,0,1,0,0,0
138.175292,0,33,88,1,0,0,0,0
258.640233,0,16,262,0,1,0,0,0
159.564119,0,137,6,1,0,0,0,0
471.3089136,33,560,5194,0,0,0,1,0
326.3143374,23,737,3833,0,0,0,1,0
124.8322736,0,29,32,1,0,0,0,0
318.2410972,0,356,22,0,1,0,0,0
227.2744724,0,59,56,0,1,0,0,0
221.132221,0,2,132,1,0,0,0,0
168.2828062,0,51,133,0,0,0,0,1
276.8690756,0,6,143,1,0,0,0,0
175.795183,0,48,115,0,0,0,0,1
681.060875,46,313,847,0,0,0,0,0
182.805209,3,81,219,0,0,0,1,0
849.367083,26,368,22,0,0,0,1,0
604.2863354,7,735,0,0,0,0,1,0
1120.47036,54,61,136,0,0,0,1,0
247.5331961,0,166,6,0,1,0,0,0
952.604508,71,152,452,0,0,0,1,0
849.407667,26,124,181,0,0,0,1,0
471.719156,15,116,313,0,0,0,1,0
2290.86865,85,623,235,0,0,0,0,1
1760.16386,86,1371,49,0,0,0,1,0
1423.18302,33,630,1,0,0,0,1,0
412.4236475,0,51,119,0,0,0,1,0
286.8323533,0,172,2,0,0,0,1,0
657.6337649,0,79,0,0,0,0,0,1
64.56976057,0,2,7,0,0,0,1,0
187.4819934,0,59,20,0,0,0,1,0
163.8126212,0,40,11,0,0,0,1,0
299.8548115,0,171,29,0,0,0,1,0
204.5212855,0,464,13,0,0,0,1,0
1153.90474,85,395,429,0,0,0,1,0
1696.71653,78,328,77,0,0,0,1,0
229.6335914,0,4,7,0,0,0,1,0
636.011118,0,307,187,0,0,0,0,1
586.618901,7,772,7,0,0,0,1,0
263.8044218,0,439,16,0,0,0,0,1
183.8292803,9,21,25,0,0,0,0,0
96.49426038,0,4,9,0,0,0,0,0
187.187412,0,0,6,0,0,0,1,0
536.284614,32,88,17,0,0,0,1,0
495.500993,40,613,193,0,0,0,0,1
977.62529,80,256,154,0,0,0,0,1
134.2236418,0,857,12,0,0,0,0,1
2074.9596,94,256,92,0,0,0,0,0
266.0471689,0,21,0,0,0,0,1,0
153.5663406,0,175,30,0,0,0,1,0
383.0564673,0,187,0,0,0,0,1,0
272.3306786,0,902,7,0,1,0,0,0
179.305443,0,386,26,0,0,0,1,0
267.6115059,0,342,52,0,1,0,0,0
134.4074175,0,530,1,0,0,0,0,1
37.9251528,0,23,0,0,0,0,0,1
70.601572,0,0,4,0,0,0,0,0
246.2577821,0,6,32,0,0,1,0,0
1032.59853,43,103,179,0,0,0,1,0
897.338438,185,412,607,0,0,0,0,1
348.33197,0,124,35,0,0,0,1,0
677.24751,21,467,241,0,0,0,0,0
397.676627,0,52,10,0,0,0,0,1
295.7763851,2,39,79,0,0,0,1,0
426.6576843,0,0,31,0,0,0,1,0
231.7614269,0,0,22,0,0,0,1,0
176.6543855,0,115,27,0,0,0,0,0
282.9425158,0,435,7,0,0,0,1,0
433.039451,15,324,50,0,0,0,0,0
251.41996,0,43,46,0,0,0,0,0
183.7841666,0,16,20,0,1,0,0,0
244.4793418,0,25,28,0,0,1,0,0
151.9979581,0,15,31,0,0,0,0,0
222.6721746,0,56,8,0,0,0,0,0
200.105599,37,79,82,0,1,0,0,0
665.36446,16,50,127,0,0,0,0,1
949.350395,94,153,365,0,0,0,0,1
747.588136,7,125,179,0,0,0,0,1
601.733064,19,55,34,0,0,0,1,0
1775.38398,72,79,61,0,0,0,0,1
2172.59812,294,358,395,0,0,0,1,0
765.176422,57,85,41,0,0,0,1,0
2066.54094,175,702,4160,0,0,0,1,0
387.096503,29,148,3,0,0,0,0,1
2111.68009,293,157,16,0,1,0,0,0
1159.82901,74,255,144,0,0,0,1,0
2444.10557,262,253,712,0,0,0,1,0
938.966433,75,93,40,0,0,0,1,0
1175.71583,95,263,232,0,0,0,1,0
825.453908,14,265,50,0,0,0,0,0
835.397245,21,281,11,0,0,0,1,0
207.146359,3,171,132,0,0,1,0,0
254.47239,0,337,1,0,0,0,0,0
308.4374723,5,26,28,0,0,0,0,1
391.8041574,0,25,0,0,0,0,0,1
287.0406823,0,13,37,0,0,0,1,0
525.5872394,4,115,149,0,0,0,0,1
284.3666268,0,12,51,0,0,0,1,0
202.3555635,0,21,5,0,0,0,1,0
410.5937554,0,25,14,0,0,0,1,0
125.0347609,0,0,29,0,0,0,1,0
599.8847431,0,53,24,0,0,0,0,1
196.9375903,0,0,23,0,0,0,1,0
327.7153497,0,69,74,0,0,0,0,1
401.1348984,19,108,30,0,0,0,1,0
268.3658708,0,10,0,0,0,0,1,0
127.9432165,0,14,21,0,0,0,1,0
126.6102038,0,0,25,0,0,0,0,1
217.150109,0,26,51,0,0,0,1,0
86.56117277,0,0,33,0,0,0,0,1
273.7107425,2,40,38,0,0,0,1,0
252.2182422,0,129,53,0,0,0,0,1
238.5899212,0,25,40,0,0,0,0,1
160.146914,0,28,2,0,0,0,1,0
160.5284041,0,15,15,0,0,0,1,0
273.8941703,0,243,33,0,0,0,0,0
231.4785257,4,22,18,0,0,0,0,1
584.275979,16,66,33,0,0,0,1,0
522.446585,22,77,101,0,0,0,0,1
195.9586935,0,1,28,0,0,0,1,0
269.2395598,0,161,12,0,0,0,1,0
55.60826254,0,0,10,0,0,0,1,0
162.0335432,0,46,7,0,0,0,1,0
168.7704085,0,0,25,0,0,0,0,1
213.6302403,0,458,69,0,0,0,0,1
665.315573,50,167,100,0,0,0,0,0
282.132462,0,60,134,0,1,0,0,0
147.7184574,0,10,20,0,0,0,0,0
165.4659152,0,73,0,0,0,0,0,0
1104.770641,0,114,1,0,0,0,0,0
345.0387512,0,12,0,0,1,0,0,0
329.5124771,0,13,2,0,1,0,0,0
277.8875915,0,12,11,0,1,0,0,0
261.6485732,0,8,94,0,0,1,0,0
246.2011017,0,8,18,0,1,0,0,0
338.5744793,0,24,4,0,1,0,0,0
1953.137577,69,45,17,0,0,0,0,0
933.473633,26,90,55,0,1,0,0,0
835.0585595,16,50,0,0,0,0,0,0
227.2199739,8,67,1,0,0,0,0,0
133.4832242,0,392,9,0,0,0,0,0
70.7784138,0,0,1,0,0,0,0,0
2029.67768,157,706,549,0,0,0,0,0
1630.91409,29,96,83,0,0,0,0,1
601.415754,8,39,7,0,0,0,0,1
605.87246,30,179,42,0,0,0,0,0
587.19691,0,250,15,0,0,0,1,0
563.9370059,3,81,19,0,0,0,0,1
590.1681761,0,56,63,0,0,0,0,0
415.5250481,0,18,8,0,0,0,0,1
379.4760474,0,0,32,0,0,0,0,0
511.1172895,0,42,22,0,0,0,1,0
195.4815463,0,0,16,0,0,0,0,0
504.3269013,0,45,12,0,0,0,0,0
425.8626251,0,67,0,0,0,0,0,0
441.177925,0,145,393,0,0,0,0,0
2545.78266,144,104,106,0,0,0,1,0
898.945206,44,72,34,0,0,0,0,0
614.040932,6,29,37,0,0,0,1,0
230.855329,18,47,199,0,0,0,0,1
271.4515113,0,47,866,0,0,0,1,0
242.7946997,0,9,21,0,0,0,1,0
732.0070322,3,145,47,0,0,0,0,0
333.6245076,0,7,70,0,0,0,1,0
427.9986312,9,29,7,0,0,0,1,0
807.389949,8,221,5151,0,0,0,1,0
245.716843,21,312,899,0,0,0,1,0
131.013733,0,1,7,0,1,0,0,0
431.4050556,0,84,15,0,0,0,0,1
166.2289939,0,10,10,0,1,0,0,0
1223.48177,44,45,22,0,0,0,1,0
922.40617,25,42,76,0,0,0,0,1
604.7846517,11,47,20,0,0,0,0,1
1019.96127,44,113,0,0,1,0,0,0
236.1380436,4,36,87,0,1,0,0,0
565.536236,11,462,3885,0,0,0,0,0
1269.05548,589,851,1172,0,0,0,0,0
309.243306,11,73,26,0,0,0,0,0
93.1024216,0,53,0,0,0,1,0,0
267.616813,0,0,29,0,0,0,1,0
671.499535,93,360,398,0,0,0,0,1
586.9764,131,146,389,0,0,0,0,1
282.5784237,7,17,12,0,0,0,1,0
164.0092192,0,65,33,0,0,0,1,0
386.5954798,3,115,24,0,0,0,1,0
262.1991041,0,44,26,0,0,0,1,0
279.7687435,0,4,9,0,1,0,0,0
127.9992634,0,3,26,0,0,0,0,1
1167.41088,137,53,209,0,0,0,1,0
227.04491,20,457,61,0,0,0,1,0
525.0667513,0,28,0,0,0,0,1,0
347.0804134,20,12,18,0,0,0,0,1
102.5433156,0,21,39,0,0,0,1,0
130.147396,0,26,4,0,0,0,1,0
626.6273546,8,9,3,0,0,0,1,0
417.8268614,0,26,4,0,0,0,0,1
522.9599685,0,51,10,0,0,0,1,0
154.6265131,0,47,28,0,0,0,1,0
342.7056322,0,229,26,0,0,0,0,0
113.6790544,0,10,5,0,0,0,0,1
1004.7337,93,228,223,0,1,0,0,0
658.068694,92,178,296,0,0,0,1,0
527.301001,10,32,76,0,0,0,0,1
512.078642,15,63,63,0,0,0,0,1
609.46832,33,11,5,0,0,0,1,0
867.036124,81,180,822,0,0,0,0,0
1152.02825,251,841,719,0,0,0,0,0
780.402305,79,61,69,0,0,0,0,0
895.067115,58,147,154,0,0,0,0,0
347.298985,12,80,83,0,0,0,0,0
1223.397942,39,223,848,0,0,0,1,0
458.0142177,0,39,51,0,1,0,0,0
343.0620931,0,25,17,0,0,0,1,0
289.1304251,0,28,57,0,0,0,1,0
485.4279024,17,13,4,0,0,0,0,1
229.4890055,0,33,9,0,0,0,1,0
908.8666553,53,327,321,0,0,0,1,0
153.7961981,0,0,27,0,0,0,0,1
178.0912241,0,1,41,0,1,0,0,0
246.4119974,0,6,0,0,0,0,1,0
320.1002613,0,484,41,0,0,0,1,0
138.5044028,0,3,1,0,0,0,0,1
242.636242,0,29,0,0,0,0,0,1
477.6932066,0,23,0,0,0,0,0,1
478.358883,190,570,1576,0,0,0,0,0
1029.36389,553,994,2737,0,0,0,1,0
1152.28322,602,1249,2553,0,0,0,1,0
530.796594,74,185,750,0,0,0,1,0
126.528119,0,44,49,0,0,0,1,0
505.929018,107,507,546,0,0,0,1,0
370.325172,39,105,584,0,0,0,1,0
616.85953,90,267,211,0,0,0,0,0
245.276179,89,85,105,0,0,0,1,0
311.7735857,0,21,0,0,0,0,0,1
310.0044977,0,266,50,0,0,0,0,1
542.934072,10,91,77,0,0,0,0,0
862.6847567,34,109,137,0,0,0,1,0
652.546584,27,25,67,0,0,0,0,1
521.4506225,0,57,71,0,0,0,0,0
167.8760415,0,4,0,0,0,0,1,0
127.3275111,0,65,3,0,0,1,0,0
133.694096,0,3,4,0,0,0,0,1
1744.368107,19,57,7,0,0,0,0,0
332.606548,0,79,246,1,0,0,0,0
708.761166,8,53,8,0,0,0,0,1
906.951928,0,48,635,0,1,0,0,0
653.592451,0,73,54,0,0,0,1,0
1866.62347,47,3,0,0,1,0,0,0
456.824477,7,36,48,0,1,0,0,0
340.349846,12,267,26,0,1,0,0,0
476.037377,0,455,234,1,0,0,0,0
2900.67937,0,951,616,0,1,0,0,0
771.191089,44,229,93,1,0,0,0,0
330.3792295,0,0,483,0,1,0,0,0
365.0022846,0,20,10,0,0,0,1,0
464.4373251,0,29,65,0,1,0,0,0
3532.131208,2,612,1655,0,1,0,0,0
159.7714953,0,64,49,0,1,0,0,0
180.3034038,0,21,8,0,1,0,0,0
148.2399905,0,27,60,0,0,0,0,1
370.3629372,0,30,67,0,0,0,0,0
199.7108792,0,10,2,0,1,0,0,0
289.1021429,0,11,6,0,1,0,0,0
419.1404904,74,101,40,0,1,0,0,0
338.391457,0,136,5,0,0,0,0,0
365.2513765,0,39,16,0,0,0,0,0
416.9930197,0,43,10,0,0,0,0,0
330.0642408,0,134,25,0,0,0,0,0
967.217716,14,276,33,1,0,0,0,0
1025.79449,28,241,33,1,0,0,0,0
255.2009655,0,23,55,0,0,0,0,1
345.851893,17,216,53,0,0,0,0,0
93.1779343,0,33,24,0,0,0,0,0
166.2344413,9,102,45,0,0,0,0,0
745.466335,57,438,144,0,0,0,1,0
905.023044,150,178,125,0,0,0,0,1
771.098302,303,437,1831,0,0,0,1,0
723.8961424,22,160,1171,0,0,0,0,0
928.4670038,103,266,1101,0,0,0,1,0
95.2765008,30,40,274,0,0,0,0,1
523.471225,40,107,41,0,0,0,1,0
381.336846,25,376,471,0,0,0,0,1
320.404626,11,524,982,0,0,0,1,0
252.821028,14,278,54,0,0,0,0,1
1057.59091,367,937,1668,0,0,0,1,0
1013.36878,23,162,19,0,0,0,1,0
433.40789,74,103,200,0,0,0,1,0
690.623726,39,128,63,0,0,0,1,0
235.1569135,11,125,35,0,0,0,0,1
172.594302,0,23,33,0,0,0,1,0
111.9785755,0,18,7,0,0,0,1,0
196.1265628,0,32,61,0,0,0,1,0
371.313972,29,1338,14,0,0,0,0,1
477.234317,178,62,8,0,0,0,1,0
158.4685759,7,9,35,0,0,0,1,0
71.77724465,0,11,48,0,0,0,1,0
1199.42569,264,236,1534,0,0,0,1,0
482.097677,8,174,1688,0,0,0,1,0
51.9247916,0,10,6,0,0,0,0,1
355.110214,34,126,163,0,0,0,0,1
1962.90047,471,1662,4456,0,0,0,0,1
334.192115,0,308,121,0,0,0,0,1
427.1810517,20,81,156,0,0,0,1,0
136.2398791,0,28,38,0,0,0,0,1
342.0178601,0,67,42,0,0,0,0,0
184.748386,0,26,95,0,0,0,1,0
150.8732811,0,25,38,0,0,0,0,1
539.644368,0,132,61,0,0,0,0,0
359.527701,11,71,324,0,0,0,0,1
822.7549081,21,38,0,0,1,0,0,0
518.881718,29,112,106,0,0,0,1,0
1371.90965,54,82,209,0,0,0,1,0
376.035887,0,39,41,0,0,0,0,1
694.959802,28,56,2013,0,1,0,0,0
289.1783397,0,36,29,0,0,0,1,0
285.9166194,11,31,2,0,0,0,1,0
257.0506706,5,40,9,0,0,0,1,0
375.0756052,0,31,92,0,0,0,1,0
118.5740228,0,11,23,0,0,0,1,0
249.8156446,12,52,2,0,0,0,1,0
222.4846156,0,64,44,0,0,0,0,0
472.7381346,9,11,5,0,0,0,0,1
85.86690804,0,93,72,0,0,0,0,1
421.1246188,0,23,1,0,0,0,0,1
166.204591,0,18,9,0,0,1,0,0
272.2376421,0,1,17,0,0,1,0,0
153.241327,0,29,205,0,0,0,1,0
278.4181976,0,28,24,0,0,0,0,0
232.9019997,0,39,51,0,0,0,1,0
238.2690875,0,16,0,0,0,0,1,0
309.9498133,0,8,35,0,0,0,0,1
247.5068315,0,8,26,0,0,0,0,0
157.7142991,0,4,31,0,0,0,0,0
339.6353841,0,16,0,0,0,0,1,0
156.2770676,0,30,12,0,0,0,0,0
133.2077063,0,9,2,0,0,0,0,1
191.9641945,0,14,11,0,0,0,1,0
595.634695,5,63,39,0,1,0,0,0
212.4071546,0,28,36,0,0,0,0,0
555.1980208,0,61,15,0,0,1,0,0
229.2826766,0,18,3,0,1,0,0,0
564.3186185,0,43,20,0,0,0,0,0
699.733844,52,454,499,0,0,0,1,0
441.527355,9,117,72,0,0,0,0,1
138.581473,16,249,68,0,0,0,0,0
1372.77785,106,136,58,0,0,0,1,0
159.883276,0,34,68,0,0,0,1,0
982.728469,66,49,1,0,0,0,0,0
527.499324,18,21,32,0,0,0,0,0
1293.70677,83,53,307,0,1,0,0,0
462.6991322,53,123,131,0,0,0,0,1
563.4016687,3,21,6,0,0,0,1,0
335.9409675,38,76,144,0,0,0,0,1
229.7562077,0,14,0,0,0,0,1,0
182.9258348,0,16,6,0,0,0,1,0
182.9258348,0,11,4,0,0,0,1,0
187.1471114,0,3,70,0,0,0,0,1
1146.413505,77,129,72,0,0,0,1,0
421.1473814,0,34,129,0,0,0,1,0
244.655493,0,28,58,0,0,0,1,0
114.9338436,0,8,11,0,0,0,0,1
203.9226985,0,24,111,0,0,0,1,0
245.8569765,0,6,33,0,0,0,1,0
119.9878109,0,6,16,0,0,0,0,1
718.9202568,0,31,4,0,0,0,1,0
682.0865653,11,60,60,0,0,0,0,1
238.4210399,0,0,5,0,0,0,1,0
223.841645,29,358,3911,0,0,0,0,0
16.4029245,0,0,6,0,0,0,0,1
65.0712925,0,112,505,0,0,0,0,0
80.3306663,0,108,56,0,0,0,1,0
596.00789,19,51,36,0,0,0,1,0
63.43098236,0,5,18,0,0,0,0,1
126.1884446,7,14,2,0,0,0,0,1
211.8015334,15,44,158,0,0,0,1,0
68.16660357,0,12,25,0,0,0,1,0
198.4747404,0,43,8,0,0,0,1,0
131.9983674,0,12,10,0,0,0,0,1
18.7440979,0,0,68,0,0,0,1,0
16.3531338,0,0,5,0,0,0,1,0
41.4229546,12,24,94,0,0,0,0,0
60.4217191,26,554,150,0,0,1,0,0
34.608053,0,407,9,0,0,1,0,0
43.510864,0,104,9,0,0,1,0,0
301.5481011,0,52,33,0,1,0,0,0
448.8164416,0,68,87,0,1,0,0,0
657.796821,64,40,108,0,0,0,0,0
169.5147545,0,172,19,0,0,0,0,0
152.4639605,0,12,13,0,0,0,0,0
217.2918238,0,0,14,0,0,0,0,0
163.2596063,0,1,12,0,1,0,0,0
619.9061294,0,27,202,0,0,0,0,1
140.0077365,0,10,48,0,0,1,0,0
252.795352,25,138,107,0,1,0,0,0
292.7657124,4,19,0,0,0,1,0,0
296.2580655,0,21,17,0,0,0,0,0
187.9345879,0,15,23,0,0,0,0,0
978.306724,86,744,1010,0,0,0,0,1
730.583905,33,218,1916,0,0,0,0,1
208.272748,0,76,139,0,0,0,0,1
696.132918,20,47,114,0,0,0,0,0
198.6755496,0,15,176,0,0,0,0,0
218.9968715,3,19,82,0,0,0,0,0
582.5463293,6,27,27,0,0,0,0,0
336.451037,0,137,51,0,0,0,1,0
204.821878,0,53,3,0,0,0,0,1
302.5589786,0,0,86,0,0,0,0,1
1193.57179,12,54,16,0,0,0,0,1
264.1196656,0,10,29,0,0,0,0,1
647.1599289,0,46,16,0,0,0,1,0
234.6739865,0,11,40,0,0,0,0,1
423.0195168,0,40,9,0,0,0,0,0
277.9399715,0,96,13,0,0,0,0,1
2271.10395,812,643,418,0,1,0,0,0
318.492237,15,166,95,0,0,0,0,1
549.540397,313,276,182,0,0,0,0,1
48.0758394,0,18,57,0,0,0,0,1
408.960808,0,18,19,0,0,0,0,1
343.8155351,5,29,10,0,0,0,0,1
2378.20981,101,83,32,0,0,0,0,0
291.7938343,0,35,10,0,0,0,0,0
498.6296135,0,32,15,0,0,0,1,0
31.316133,0,0,4,0,0,0,1,0
1131.45064,114,247,362,0,0,0,0,1
147.927814,0,47,5,0,0,0,0,1
399.0405529,0,61,26,0,0,0,1,0
200.6280501,0,16,7,0,0,0,1,0
213.2024953,0,12,14,0,0,0,0,0
396.0378344,0,36,6,0,0,0,1,0
89.0384156,0,18,31,0,0,0,1,0
498.899168,0,237,40,0,0,0,0,0
186.042137,0,174,81,0,0,0,0,1
211.8746234,0,3,32,0,0,0,1,0
382.9144857,14,15,9,0,0,0,1,0
209.7860163,0,51,13,0,0,0,1,0
100.7935614,0,10,10,0,0,0,0,1
277.5196273,0,41,12,0,0,0,0,1
243.8746507,0,18,11,0,0,0,1,0
912.8303187,27,41,0,0,0,0,1,0
315.0643204,0,0,3,0,0,0,1,0
304.373856,0,51,4,0,0,0,1,0
55.4713229,0,105,112,0,0,1,0,0
288.263905,15,254,61,0,0,0,0,1
604.624343,61,277,61,0,0,0,0,1
296.031827,0,372,61,0,0,0,1,0
177.858044,12,607,30,0,0,0,1,0
103.688471,16,101,34,0,0,0,1,0
391.548705,0,28,24,0,0,0,1,0
509.58204,25,137,424,0,0,0,0,0
1069.69865,35,16,25,0,0,0,1,0
105.0401366,0,4,23,0,0,0,1,0
114.8523143,0,5,0,0,0,0,1,0
491.1926159,0,39,48,0,0,0,0,0
229.3758711,0,17,3,0,0,0,1,0
105.396595,22,61,632,0,0,0,0,0
451.97986,0,10,109,0,1,0,0,0
1645.9943,136,1357,4741,0,0,0,1,0
600.221575,38,645,2759,0,0,0,1,0
431.2789719,21,130,152,0,0,0,1,0
414.846398,78,155,2169,0,0,0,1,0
295.1872553,0,14,0,0,0,0,1,0
834.916697,89,91,164,0,0,0,0,1
850.4714917,23,215,501,0,0,0,1,0
32.2663781,0,0,0,0,1,0,0,0
225.1979053,0,12,3,0,0,0,0,1
427.1131699,0,46,606,0,1,0,0,0
47.95572005,0,0,59,0,0,1,0,0
193.093343,8,186,53,0,0,0,1,0
302.8208784,27,56,104,0,0,0,0,0
314.9374531,42,89,89,0,0,0,0,1
3940.05978,0,3967,8550,0,1,0,0,0
675.606425,91,1457,17,0,0,0,1,0
233.083202,19,33,183,0,1,0,0,0
511.786622,0,24,227,0,1,0,0,0
431.9093677,0,16,551,0,1,0,0,0
139.219291,0,0,86,0,1,0,0,0
106.4340622,0,16,18,0,0,0,1,0
344.0606204,6,38,19,0,1,0,0,0
125.635547,0,0,16,0,1,0,0,0
371.9728591,0,86,0,0,1,0,0,0
452.5911421,0,95,1,0,0,0,0,1
374.0819243,0,20,4,0,0,0,0,0
231.639388,13,70,2073,0,0,0,1,0
46.3120968,52,22,573,0,0,0,1,0
15.0295249,0,5,2,0,1,0,0,0
342.097315,10,1012,1478,0,0,0,0,0
113.1236881,0,31,0,0,0,0,0,0
183.8439921,0,184,5,0,0,0,0,0
88.9916648,6,266,29,0,0,0,0,0
269.2304556,0,32,15,0,0,0,0,0
235.9610265,0,36,0,0,0,0,0,0
855.236416,78,472,1334,1,0,0,0,0
779.129009,97,396,1956,1,0,0,0,0
3575.79063,1418,1280,683,0,1,0,0,0
531.056055,0,79,198,0,0,0,0,0
1014.2353,0,60,242,0,0,0,0,0
436.457166,0,35,66,0,0,0,0,0
1611.625102,9,63,1234,0,1,0,0,0
680.284936,9,7,46,0,1,0,0,0
930.0301656,6,17,28,0,1,0,0,0
603.068291,8,33,17,0,1,0,0,0
256.926525,0,65,94,0,0,0,1,0
2460.48204,35,256,796,0,0,0,0,1
2682.812771,4,707,3076,0,0,0,0,0
503.7234468,0,44,66,0,0,0,0,0
2874.24106,85,547,1294,1,0,0,0,0
2226.685,129,198,327,1,0,0,0,0
1670.23775,11,186,87,1,0,0,0,0
1360.791585,3,170,766,0,0,0,0,0
764.9637571,0,7,21,0,0,0,0,1
394.4201454,0,8,55,0,0,0,0,1
362.9052077,0,0,34,0,0,0,1,0
409.2570451,0,56,103,0,1,0,0,0
801.2022601,0,18,3,0,0,0,0,1
292.196418,0,38,22,0,0,0,0,1
262.573977,0,16,22,0,0,0,1,0
172.289601,0,48,19,0,0,0,0,1
5656.60821,39,1760,9786,0,0,0,0,0
283.0036727,0,0,8,0,1,0,0,0
121.541641,0,1,49,0,0,0,0,0
985.1069164,11,35,80,0,0,0,1,0
136.0663253,0,0,4,0,0,0,0,1
580.3406213,0,21,31,0,0,0,1,0
339.0516945,0,4,11,0,0,0,1,0
349.428167,0,37,62,0,0,0,0,1
649.759548,16,152,119,0,0,0,0,1
691.992484,37,123,340,0,0,0,0,1
600.844226,23,180,187,0,0,0,0,1
464.202545,9,38,12,0,0,0,0,1
428.134021,0,209,102,0,0,0,0,1
130.719594,0,0,15,0,0,0,0,1
241.866514,0,17,34,0,0,0,1,0
278.65824,0,9,70,0,0,0,1,0
647.476069,22,104,35,0,0,0,1,0
297.130601,0,17,145,0,1,0,0,0
2030.71741,76,149,905,0,0,0,0,1
1391.15118,0,51,98,0,0,0,0,1
1141.83896,24,49,37,0,0,0,0,0
2286.49157,48,423,2208,0,0,0,1,0
1316.880685,0,283,2465,0,1,0,0,0
505.1413952,0,7,11,0,0,0,0,1
148.589596,0,0,34,0,0,0,1,0
417.3849804,0,8,0,0,0,1,0,0
645.720722,8,13,40,0,0,0,0,1
3814.11079,329,258,195,0,0,0,1,0
806.1220303,0,52,100,0,0,0,1,0
1543.93022,70,286,384,0,0,0,1,0
621.136451,62,268,118,0,0,0,1,0
355.703158,0,47,121,0,0,0,0,1
222.066378,0,8,44,0,0,0,1,0
731.186046,36,273,153,1,0,0,0,0
296.266364,0,7,6,0,0,0,1,0
286.9225995,0,0,40,0,0,0,1,0
3015.94963,109,426,337,0,0,1,0,0
2057.38385,61,207,536,0,0,1,0,0
322.8063354,0,1,2,0,1,0,0,0
1082.23879,23,150,197,0,0,0,1,0
148.0996943,0,0,8,0,1,0,0,0
1962.85894,84,279,448,0,0,0,1,0
1508.04763,45,81,443,0,0,0,1,0
1332.239527,0,11,476,0,1,0,0,0
550.0855441,0,0,8,0,0,0,0,1
552.3814552,0,0,0,0,0,0,1,0
139.795753,0,2,9,0,0,0,1,0
351.40283,0,56,89,0,0,0,0,1
871.424911,0,42,2003,0,0,0,0,1
421.2905777,0,0,9,0,0,0,0,1
203.0322176,0,2,1,0,0,0,0,0
411.3709911,0,6,2,0,0,0,1,0
133.824136,0,0,76,0,0,0,0,1
165.163891,0,6,35,0,0,0,1,0
195.013151,0,0,16,0,0,0,1,0
6634.18018,128,75,5,0,1,0,0,0
1054.616383,20,158,731,0,1,0,0,0
690.7467258,0,10,5,0,1,0,0,0
318.7055309,0,2,24,0,1,0,0,0
154.5679245,0,0,0,0,1,0,0,0
414.8318873,0,1,7,0,1,0,0,0
590.8576923,0,38,27,0,1,0,0,0
628.1892985,0,16,12,0,1,0,0,0
647.780434,0,51,71,0,0,0,1,0
2252.378,145,402,886,0,0,1,0,0
1413.60523,0,82,71,0,0,1,0,0
1879.74354,5,37,45,0,0,1,0,0
1113.298995,9,84,27,0,0,1,0,0
2036.035055,0,70,9,0,0,1,0,0
2609.35937,191,306,1095,0,1,0,0,0
341.4535813,0,10,44,0,0,0,0,1
651.667186,0,4,23,0,1,0,0,0
738.2170964,0,20,12,0,0,0,1,0
1020.1835,0,196,32,0,1,0,0,0
515.499157,9,45,86,0,1,0,0,0
1449.6703,239,284,58,0,0,0,1,0
485.195823,17,39,77,0,1,0,0,0
1211.41306,101,241,78,0,1,0,0,0
80.3112301,0,10,5,0,0,0,0,1
1103.42731,148,186,286,0,0,0,0,0
6957.15116,700,720,258,0,0,0,0,0
4484.84115,107,814,392,0,0,0,1,0
5128.65293,129,156,192,0,0,1,0,0
3358.26657,458,534,216,0,0,0,1,0
221.163856,0,6,24,0,1,0,0,0
5525.95692,780,244,66,0,0,0,1,0
4903.054478,585,224,99,0,0,0,1,0
1088.475383,0,23,41,0,0,0,0,0
239.854667,0,32,67,0,1,0,0,0
266.256088,3,7,39,0,1,0,0,0
187.544086,0,6,109,0,1,0,0,0
293.565154,0,32,9,0,1,0,0,0
492.737484,15,25,95,0,1,0,0,0
180.149172,0,9,4,0,1,0,0,0
226.249441,0,28,6,0,1,0,0,0
471.908965,0,25,61,0,0,0,0,0
2345.98974,456,648,62,0,0,0,1,0
216.17645,0,108,114,0,0,0,0,1
806.735736,10,198,171,0,0,0,1,0
2171.201404,92,440,264,0,0,0,1,0
737.328999,19,75,219,0,0,0,0,0
130.287647,0,1,14,0,0,0,0,1
926.561924,16,128,71,0,0,0,0,0
721.73757,30,266,226,0,0,0,1,0
328.437301,0,130,207,0,0,0,0,0
144.05835,0,69,56,0,0,0,0,0
59.02012992,0,102,91,0,0,0,0,0
311.7936129,0,33,83,0,0,0,0,1
167.7466118,0,101,91,0,0,0,0,0
120.7724762,0,95,10,0,0,0,1,0
89.90455742,0,75,32,0,0,0,0,0
159.3939978,0,70,201,0,1,0,0,0
108.8371327,0,66,32,0,0,0,0,0
103.7859692,0,29,58,0,0,0,0,1
331.3118932,0,73,199,0,0,0,0,0
231.0722274,0,92,136,0,0,0,0,0
194.4117626,0,78,85,0,0,0,0,0
2292.32981,314,188,132,0,0,0,0,0
318.049504,0,39,35,0,0,0,0,1
368.371187,0,40,21,0,0,0,0,1
339.514107,0,205,114,0,0,0,1,0
439.48004,12,298,257,0,0,0,1,0
413.243131,0,231,92,0,0,0,1,0
396.523234,14,278,91,0,0,0,1,0
331.0649197,16,94,31,0,0,0,1,0
400.376796,12,266,124,0,0,0,0,1
778.659231,9,292,42,0,0,0,0,1
280.916066,5,294,155,0,0,0,0,1
396.0078803,7,87,75,0,0,0,0,1
346.120731,0,154,58,0,0,0,0,1
531.394709,55,290,198,0,0,0,1,0
995.967887,74,281,278,0,0,0,1,0
349.468125,8,146,290,0,0,0,1,0
427.296793,0,34,7,0,0,0,0,1
639.312801,17,79,256,0,0,0,0,0
325.5650418,0,30,37,0,0,0,0,1
532.7532851,0,106,95,0,0,0,0,0
395.5806288,0,121,148,0,0,0,0,0
319.0442365,0,88,291,0,0,0,0,0
427.265688,12,5,175,0,0,0,0,1
370.069418,0,5,92,0,0,0,1,0
270.579575,0,3,89,0,0,0,1,0
683.388041,43,62,82,0,0,0,1,0
426.052147,8,113,126,0,0,0,0,1
621.089939,30,101,113,0,0,0,1,0
328.00802,7,35,102,0,0,0,0,1
359.71993,0,168,112,0,0,0,1,0
310.798875,7,89,97,0,0,0,1,0
216.733807,0,71,139,0,0,0,0,1
351.499339,0,52,110,0,0,0,1,0
294.4361416,0,12,49,0,0,0,1,0
248.5762378,0,0,47,0,0,0,1,0
288.7401699,0,7,33,0,0,0,1,0
164.5896164,0,0,34,0,0,0,1,0
218.9721446,0,13,0,0,0,0,1,0
163.5378871,0,2,59,0,0,0,0,1
466.9316848,0,41,40,0,0,0,1,0
448.7733793,20,40,94,0,0,0,1,0
570.8944786,0,91,28,0,0,0,1,0
288.7791082,7,79,78,0,0,0,1,0
98.06160645,0,43,26,0,0,0,1,0
251.8280599,0,13,12,0,0,0,1,0
235.4830327,17,8,95,0,0,0,0,1
541.7671899,0,126,229,0,0,0,0,1
318.881578,0,275,127,0,0,0,0,0
166.0125822,0,287,31,0,0,0,0,0
517.875319,37,101,210,0,0,0,0,1
117.056211,4,0,15,0,0,0,1,0
288.984427,0,11,12,0,0,0,1,0
463.494534,0,59,102,0,1,0,0,0
207.214442,0,15,133,0,0,0,1,0
1238.87969,212,191,124,0,0,0,0,0
1220.67697,232,362,211,0,0,0,0,0
435.455876,6,39,20,0,1,0,0,0
1056.29401,127,491,250,0,0,0,0,0
153.43978,0,6,11,0,1,0,0,0
183.9264658,0,0,29,0,1,0,0,0
112.8525797,0,1,14,0,1,0,0,0
128.1310919,0,0,15,0,1,0,0,0
353.2550841,45,68,105,0,1,0,0,0
361.4009235,20,99,232,0,1,0,0,0
1132.48054,60,205,635,0,0,0,0,0
1104.67438,39,212,411,0,0,0,0,0
1168.61009,61,261,499,0,0,0,0,0
377.781472,0,58,94,0,0,0,1,0
1231.77319,51,243,377,0,0,0,0,0
1352.15033,30,356,786,0,0,0,0,0
424.361899,0,9,86,0,0,0,1,0
1243.62872,57,393,532,0,0,0,0,0
266.4294308,0,0,60,0,0,0,1,0
319.0444297,0,0,55,0,0,0,1,0
382.464476,0,0,53,0,0,0,1,0
330.0811203,0,117,128,0,0,0,1,0
410.4296615,0,189,216,0,0,0,1,0
1186.45457,121,72,20,0,0,0,0,1
534.116557,9,54,213,0,0,0,0,1
369.731966,0,24,169,0,1,0,0,0
344.443096,0,14,8,0,0,0,1,0
222.5253301,0,0,45,0,0,0,1,0
225.314481,0,12,15,0,0,0,1,0
523.99091,0,0,165,0,1,0,0,0
269.248843,0,25,118,0,0,0,0,0
365.4413753,7,23,192,0,0,0,0,0
144.8065974,0,0,80,0,0,0,1,0
398.986883,0,42,15,0,0,0,1,0
1001.38144,55,213,521,0,0,0,1,0
629.370347,0,86,198,0,0,0,1,0
262.556819,0,223,110,0,0,0,0,0
319.534047,0,290,69,0,0,0,0,0
766.8523504,18,136,252,0,0,0,1,0
526.5922743,0,101,146,0,0,0,1,0
384.7688502,0,2,63,0,0,0,1,0
379.5039377,0,182,101,0,0,0,0,0
156.1264473,0,20,34,0,0,0,1,0
600.7588345,0,248,63,0,0,0,0,0
252.9295247,0,34,5,0,0,0,1,0
734.901797,0,160,117,0,0,0,1,0
1454.31878,45,388,988,0,0,1,0,0
262.006866,0,16,11,0,1,0,0,0
980.078039,61,93,728,0,0,1,0,0
1065.25732,36,137,225,0,0,1,0,0
1094.33953,199,420,310,0,0,0,1,0
1276.43617,102,444,294,0,0,0,1,0
1118.984,137,495,195,0,0,0,1,0
1253.05061,134,410,332,0,0,0,1,0
1155.77257,88,493,590,0,0,0,1,0
1011.03069,88,476,263,0,0,0,1,0
1250.051587,65,161,776,0,0,1,0,0
260.6539831,0,23,118,0,0,0,0,1
284.891477,0,5,39,0,0,0,0,1
1079.337085,37,126,344,0,0,1,0,0
855.5385817,26,121,378,0,0,1,0,0
264.2543458,0,50,21,0,0,0,1,0
252.315692,0,26,8,0,0,0,0,1
99.4408785,0,0,7,0,0,0,0,1
804.250332,32,94,98,0,0,0,0,1
261.575753,0,18,4,0,0,0,0,1
160.375819,0,2,18,0,0,0,0,1
229.470479,0,34,118,0,0,0,1,0
350.20387,8,65,747,0,1,0,0,0
597.059115,38,86,802,0,1,0,0,0
1604.02861,41,285,4527,0,1,0,0,0
335.697309,19,49,274,0,1,0,0,0
4324.56432,787,583,442,0,0,0,0,1
408.025529,6,22,24,0,1,0,0,0
381.418242,0,59,55,0,1,0,0,0
501.41196,0,58,543,0,1,0,0,0
750.53813,49,95,179,0,1,0,0,0
251.531884,0,14,5,0,0,0,1,0
4524.00871,252,607,417,0,0,1,0,0
377.5506605,4,101,691,0,0,0,1,0
219.005085,0,12,13,0,1,0,0,0
309.398667,0,49,66,0,0,0,1,0
269.968238,0,11,0,0,0,0,1,0
305.254278,0,13,2,0,0,0,1,0
3455.84188,690,715,332,0,1,0,0,0
6182.16656,1328,1261,341,0,0,0,1,0
147.545506,0,2,23,1,0,0,0,0
16811.2802,113,10660,456,1,0,0,0,0
849.915153,44,46,64,0,1,0,0,0
864.704189,5,41,20,0,0,0,0,0
784.290647,41,78,297,0,1,0,0,0
341.737019,8,42,45,0,1,0,0,0
328.103824,0,19,82,0,0,0,0,0
1431.45576,54,43,0,0,1,0,0,0
1134.35909,19,13,3,0,0,0,0,1
266.502562,0,0,10,0,0,0,0,1
705.929815,12,22,123,0,1,0,0,0
1190.72174,23,26,1354,0,1,0,0,0
267.935245,0,85,79,0,0,0,0,1
383.519751,0,34,120,0,0,0,0,0
513.798843,6,166,74,0,0,0,0,0
384.526334,3,18,35,0,0,0,0,1
418.948015,0,56,30,0,0,0,1,0
598.911648,0,185,315,0,0,0,0,1
184.029914,0,37,10,0,0,0,1,0
196.887353,0,0,0,0,1,0,0,0
210.412319,0,7,21,0,1,0,0,0
193.000058,0,0,62,0,1,0,0,0
339.279429,0,28,12,0,1,0,0,0
129.469679,0,0,21,0,0,0,1,0
282.06843,0,0,1,0,0,0,0,1
242.757897,0,39,11,0,0,0,0,1
295.936071,0,12,67,0,1,0,0,0
219.42319,0,31,9,0,0,0,1,0
1827.84302,209,843,545,0,0,1,0,0
2084.23781,184,952,709,0,0,1,0,0
82.2721963,0,24,221,0,0,0,1,0
842.103119,11,126,3,0,0,0,1,0
673.674826,0,139,251,0,0,0,1,0
164.368534,0,5,38,0,0,0,1,0
66.7850492,0,24,206,0,1,0,0,0
359.34543,0,22,5,0,0,0,1,0
185.686335,0,0,17,0,0,0,1,0
317.940452,0,145,143,0,0,0,0,1
454.73692,20,147,412,0,0,0,0,1
286.555884,0,29,17,0,0,0,0,1
221.239435,0,24,23,0,1,0,0,0
176.60301,0,0,16,0,1,0,0,0
179.069819,0,6,9,0,1,0,0,0
272.733199,0,20,71,0,1,0,0,0
218.79374,0,0,21,0,1,0,0,0
421.733014,0,7,0,0,1,0,0,0
293.696369,0,37,64,0,1,0,0,0
626.968579,38,75,196,0,0,0,1,0
1927.80692,220,678,1458,0,1,0,0,0
1870.43075,259,193,85,0,1,0,0,0
340.3523231,0,1,17,0,1,0,0,0
1157.27169,104,155,25,0,0,0,0,1
48.30650577,0,0,3,0,0,0,1,0
135.355762,0,34,4,0,0,0,0,1
484.2249269,0,27,2,0,0,0,0,1
46.6494748,0,0,60,0,1,0,0,0
364.3403352,8,92,253,0,0,1,0,0
388.489958,0,94,46,0,0,0,0,1
591.839521,21,71,10,0,1,0,0,0
1290.05061,82,96,210,0,0,0,1,0
758.441015,0,85,184,0,0,0,1,0
1051.85605,18,22,1,0,0,0,1,0
177.3954382,0,13,27,0,0,0,1,0
172.0523694,0,22,9,0,0,0,0,1
92.8342406,0,0,23,0,0,0,0,1
183.9636259,0,12,21,0,0,0,1,0
95.6527283,0,0,17,0,0,0,0,1
314.238228,37,53,59,0,0,0,1,0
174.116239,0,0,39,0,0,0,1,0
618.750087,0,95,130,0,0,0,0,0
697.876519,6,65,26,0,0,0,0,0
199.706899,0,9,0,0,0,0,1,0
374.1700315,0,42,14,0,1,0,0,0
148.136576,0,13,1,0,1,0,0,0
254.751641,0,8,17,0,0,0,1,0
559.311096,9,73,25,0,0,0,0,1
169.9539753,0,28,12,0,0,0,1,0
401.9142451,0,35,4,0,0,0,0,1
183.383344,0,0,24,0,0,0,0,1
513.1729013,0,36,98,0,0,0,0,1
251.0404753,0,18,13,0,0,0,0,1
455.638767,0,21,53,0,0,0,0,1
363.7697799,0,17,7,0,0,0,1,0
133.750697,0,13,17,0,0,0,1,0
97.6127043,0,2,9,0,1,0,0,0
135.029032,0,9,4,0,0,0,0,1
1156.7535,0,177,536,0,1,0,0,0
240.219188,39,93,119,0,0,0,0,0
184.977438,0,0,65,0,1,0,0,0
634.7449654,5,106,269,0,0,1,0,0
219.5712947,0,0,19,0,1,0,0,0
261.7244065,0,17,5,0,1,0,0,0
409.773439,0,64,23,0,0,0,0,0
331.5640568,0,11,8,0,1,0,0,0
470.2772666,0,18,57,0,0,0,0,0
322.8417799,0,7,7,0,1,0,0,0
500.0167395,0,2,11,0,0,0,0,0
98.1211532,0,8,20,0,0,1,0,0
181.712727,0,31,15,0,0,1,0,0
391.466084,0,33,49,0,0,0,0,0
528.789239,0,31,9,0,0,1,0,0
1040.07927,28,173,29,0,0,0,1,0
616.026273,16,79,121,0,0,0,1,0
573.289711,0,49,85,0,0,0,0,0
1093.54635,18,49,62,0,0,0,1,0
703.211675,0,71,32,0,0,0,0,0
465.61021,0,62,24,0,0,0,1,0
97.34891891,0,28,7,0,0,0,0,1
211.9347998,0,11,7,0,0,0,1,0
326.4491361,0,49,31,0,0,0,1,0
132.4336272,0,135,38,0,0,0,1,0
157.6880506,0,22,27,0,0,0,0,1
286.8093903,0,39,18,0,0,0,0,1
420.4045085,0,11,18,0,0,0,0,1
438.3862109,0,15,54,0,0,0,0,1
182.6004039,0,10,4,0,0,0,1,0
475.1191698,0,41,35,0,0,0,1,0
151.486168,0,7,16,0,0,0,1,0
242.5983112,0,54,16,0,0,0,1,0
326.8054639,0,80,123,0,0,0,0,1
374.910346,30,122,88,0,0,0,0,1
95.8909609,0,16,6,0,1,0,0,0
929.719631,9,420,980,0,0,0,0,1
133.866351,9,16,151,0,1,0,0,0
429.430893,0,180,130,0,1,0,0,0
1520.12925,11,207,25,0,0,1,0,0
1201.022465,24,76,66,0,0,0,0,0
447.1279037,0,58,38,0,0,0,0,0
162.93391,0,43,25,0,0,0,0,0
284.4057792,0,12,6,0,0,0,1,0
160.2014379,0,8,7,0,0,0,0,0
167.2633276,0,16,15,0,0,0,0,0
810.877251,15,34,68,0,0,0,1,0
422.6008378,0,21,41,0,0,0,1,0
234.1626391,0,10,49,0,0,0,1,0
360.2570155,0,54,69,0,0,0,0,0
115.3017395,0,1,33,0,0,0,1,0
426.6583267,9,24,78,0,0,0,0,0
249.5605193,0,46,205,0,0,0,1,0
257.5252167,0,87,20,0,0,0,1,0
128.64109,0,0,44,0,0,0,0,1
49.5343688,0,20,78,0,0,0,0,1
52.4066904,0,0,243,0,0,0,0,1
31.9758897,0,0,10,0,0,0,0,1
89.248819,0,19,24,0,0,0,0,1
154.374674,3,100,298,0,1,0,0,0
1375.46545,17,46,54,0,0,0,0,1
75.6645864,0,5,6,0,0,0,1,0
83.165407,0,0,24,0,0,0,0,1
2078.7049,537,910,1166,0,0,0,1,0
241.749699,0,0,14,0,0,0,0,0
471.999588,0,54,5,0,0,0,0,0
142.216358,0,255,456,0,0,0,0,0
427.83589,0,22,2,0,0,0,1,0
266.70981,0,18,28,0,0,0,1,0
1693.0906,209,625,1028,0,0,0,1,0
666.3625412,32,72,63,0,0,0,0,0
293.537649,0,30,41,0,0,0,0,0
311.819358,0,75,11,0,0,0,1,0
312.205718,0,15,24,0,0,0,0,1
57.39166426,0,0,9,0,0,0,0,1
620.4178735,0,305,84,0,0,0,1,0
212.5168815,0,72,68,0,0,0,1,0
318.5989068,0,69,99,0,0,0,0,0
166.3116388,0,0,8,0,0,0,0,1
76.74033422,0,0,1,0,0,0,1,0
135.415022,0,0,7,0,0,0,0,1
856.45668,114,371,697,1,0,0,0,0
2245.08818,128,248,177,0,1,0,0,0
3579.17078,191,322,72,0,1,0,0,0
5238.2024,392,950,567,0,1,0,0,0
286.7248957,0,12,36,0,0,0,0,1
286.3345671,0,15,28,0,1,0,0,0
548.3475053,0,0,70,0,0,0,0,1
860.6834599,0,50,12,0,1,0,0,0
895.229383,209,356,447,0,0,0,0,0
211.026256,0,12,17,0,0,0,0,1
89.9139145,0,1,3,0,0,0,1,0
655.017472,61,144,136,0,0,0,0,0
208.7964798,0,1,57,0,0,0,0,0
164.669196,0,15,11,0,1,0,0,0
341.651412,0,40,66,0,0,0,0,0
115.867839,0,0,16,0,0,0,0,0
163.560501,0,0,28,0,0,0,0,0
240.944894,31,184,193,0,0,0,1,0
173.452551,0,14,64,0,0,0,1,0
577.146021,19,87,187,0,0,0,1,0
1795.08883,6,424,1208,0,0,0,0,0
2722.05107,13,916,1808,0,0,1,0,0
1068.59326,33,186,77,0,0,0,1,0
449.485318,0,303,259,0,0,0,0,0
258.919313,0,744,66,0,0,0,0,0
1097.7532,0,342,96,0,0,0,0,0
516.711043,22,257,216,0,0,0,0,0
313.3911868,0,17,48,0,0,0,0,0
248.3575635,0,37,20,0,0,0,1,0
284.2749807,0,24,49,0,0,0,0,0
158.2781452,0,25,108,0,0,0,0,0
679.170461,0,237,25,0,0,0,1,0
464.9197,19,261,75,0,0,0,1,0
232.9136242,0,7,13,0,0,0,1,0
100.7831583,0,242,15,0,0,0,0,0
129.547912,0,7,1,0,1,0,0,0
224.5026366,0,7,61,0,0,0,0,1
463.190938,0,261,102,0,0,0,1,0
235.685922,0,396,47,0,0,0,1,0
194.570444,0,358,30,0,0,0,1,0
63.86670689,0,348,6,0,0,0,1,0
2560.89663,277,445,327,0,0,0,0,1
1540.05485,82,553,1108,0,0,0,0,1
817.604072,0,410,372,0,0,0,1,0
1048.60839,85,446,1117,0,0,0,0,0
1512.57028,118,769,2415,0,1,0,0,0
1216.22649,7,733,1437,0,0,0,0,1
291.4368404,0,194,63,0,0,0,0,1
468.8339016,0,554,7,0,0,0,0,1
733.1259787,27,515,28,0,0,0,1,0
334.277399,0,59,23,0,0,0,0,1
236.30616,0,35,9,0,0,0,1,0
647.206956,37,208,452,0,0,0,0,1
611.4751648,44,199,692,0,0,0,1,0
446.1382218,8,149,6,0,0,0,0,1
149.33485,0,80,131,0,0,0,0,1
186.146817,0,11,49,0,0,0,1,0
628.562121,3,326,1069,0,0,0,0,1
1470.66149,75,423,322,0,1,0,0,0
1437.13695,92,802,14,0,0,0,0,1
181.1179592,0,48,559,0,0,0,0,1
750.284678,3,378,948,0,0,0,0,1
472.693442,18,84,758,0,0,0,0,1
426.311699,55,182,125,0,0,0,0,1
947.581517,85,515,408,0,0,0,1,0
687.11034,91,348,641,0,0,0,1,0
1207.85716,0,198,563,0,0,0,0,0
486.449161,0,180,18,0,0,0,0,0
1182.83019,23,315,308,0,0,0,0,0
187.2352731,11,0,53,0,0,0,1,0
301.6654369,0,63,41,0,0,0,0,1
69.00352959,0,274,16,0,0,0,0,0
844.701707,121,281,708,0,0,0,0,0
712.651965,13,186,506,0,0,0,1,0
1125.45639,127,313,526,0,0,0,0,0
445.180222,0,251,63,0,0,0,0,0
493.7529644,10,182,258,0,0,0,0,1
188.1438397,0,0,83,0,0,0,1,0
1330.9395,179,240,881,0,0,0,0,0
260.377841,0,25,17,0,0,0,1,0
1283.47585,126,318,546,0,0,0,0,0
573.554438,11,258,759,0,0,0,1,0
358.845186,37,98,132,0,1,0,0,0
223.511646,0,88,58,0,0,0,0,0
180.744113,0,81,25,0,0,0,0,0
93.4457626,0,0,32,0,0,0,0,1
178.169211,0,14,56,0,1,0,0,0
96.1769946,0,0,9,0,1,0,0,0
69.127399,0,0,24,0,1,0,0,0
191.902082,0,25,22,0,1,0,0,0
992.9183695,0,72,9,0,0,0,1,0
147.7636051,0,75,18,0,0,0,1,0
331.729412,7,91,488,0,0,0,1,0
1128.25064,0,341,2544,0,0,0,1,0
1516.11318,121,91,62,0,1,0,0,0
1443.60123,101,293,219,0,0,0,0,1
580.1697811,7,158,765,0,0,0,0,1
492.8455413,0,16,0,0,0,0,1,0
549.9600592,0,12,27,0,0,0,1,0
433.5515692,0,31,8,0,0,0,0,1
371.9267398,0,17,4,0,0,0,1,0
337.7833837,0,57,19,0,0,0,1,0
219.5531618,0,16,70,0,0,0,0,1
330.4059882,0,57,51,0,0,0,1,0
355.6895868,5,33,28,0,0,0,1,0
170.9186781,0,3,19,0,0,0,1,0
537.9210613,0,99,1759,0,0,0,1,0
335.728251,19,73,269,0,0,0,1,0
971.192308,50,214,1922,0,0,0,1,0
833.909989,14,249,712,0,0,0,0,1
149.067296,0,17,12,0,0,0,1,0
106.799079,0,0,19,0,0,0,1,0
508.827275,49,108,372,0,0,0,1,0
384.048333,0,62,199,0,0,0,0,1
189.563608,0,14,38,0,0,0,1,0
161.914753,0,20,17,0,0,0,0,1
451.379534,0,251,31,0,0,0,1,0
131.9405421,0,53,22,0,0,0,1,0
329.4135178,0,11,127,0,0,0,1,0
276.29351,0,81,75,0,0,0,1,0
180.3784258,0,15,26,0,0,0,0,1
227.7667196,0,138,55,0,0,0,1,0
918.646795,194,189,558,0,1,0,0,0
785.2213007,0,398,458,0,0,0,0,0
515.681212,19,275,492,0,0,0,0,0
156.8824388,0,422,13,0,1,0,0,0
2530.89738,253,588,1157,0,0,0,0,0
2071.77775,282,903,799,0,0,0,0,0
686.557315,56,127,331,0,0,0,0,0
822.297711,30,216,148,0,0,0,0,0
469.963609,18,199,340,0,0,0,0,0
396.0514793,0,138,6,0,0,0,0,0
407.7449153,0,181,2,0,0,0,0,0
191.201769,0,19,1,0,1,0,0,0
79.7486663,0,12,12,0,1,0,0,0
250.2790415,0,70,114,0,0,0,1,0
94.6193897,0,0,9,0,0,0,1,0
260.0792193,0,0,60,0,0,0,1,0
610.733461,23,65,99,0,1,0,0,0
398.759684,0,123,156,0,1,0,0,0
453.011492,39,269,517,0,0,0,0,0
1515.49407,88,546,303,0,0,0,0,0
237.12126,0,15,299,0,0,0,0,0
1055.15789,30,431,153,0,0,0,1,0
447.0634438,16,76,163,0,0,0,1,0
349.7578286,0,42,33,0,0,0,0,0
177.1621015,0,92,20,0,0,0,0,0
1005.44831,41,493,457,0,0,0,0,0
838.404605,125,61,70,0,0,0,0,0
570.916354,0,107,167,0,0,0,1,0
634.584435,14,64,60,0,0,0,0,0
494.784872,3,54,20,0,0,0,0,0
217.999965,0,21,10,0,0,0,1,0
125.088941,0,25,69,0,0,0,0,1
276.603868,29,26,82,0,0,0,0,1
1433.41707,55,37,98,0,0,0,0,0
1088.49016,47,144,357,0,0,0,1,0
1438.28335,46,46,14,0,0,0,0,0
378.830352,0,37,44,0,0,0,1,0
209.545537,0,42,22,0,0,0,1,0
263.675722,0,103,137,0,0,0,0,1
469.438742,15,120,87,0,0,0,1,0
295.07476,51,16,1506,0,0,0,1,0
326.77124,13,30,7,0,0,0,1,0
566.029407,29,35,3,0,0,0,1,0
1897.61227,59,251,705,0,0,0,1,0
676.865824,22,205,1024,0,0,0,0,0
199.62106,0,1,80,0,0,0,0,0
951.1869175,214,440,863,0,0,0,0,1
237.3036172,2,35,184,0,0,0,0,0
877.572578,12,147,1087,0,0,0,0,0
210.371815,0,39,105,0,0,0,0,0
375.807507,14,73,1,0,0,0,0,1
423.585229,8,23,14,0,0,0,1,0
636.840947,123,287,91,0,0,0,0,1
416.7515614,0,24,7,0,0,0,1,0
211.8272807,0,57,19,0,0,0,1,0
170.076142,0,11,4,0,1,0,0,0
118.143341,0,12,17,0,0,0,1,0
1547.32347,178,462,1296,0,0,0,0,1
659.11214,57,242,320,0,0,0,0,0
3821.57904,325,2694,3844,0,0,0,0,1
1638.28497,250,506,922,0,0,0,0,1
519.149713,5,183,116,0,0,0,1,0
820.744786,62,357,821,0,0,0,0,0
1175.37074,38,45,115,0,0,0,0,1
979.430489,19,73,42,0,0,0,0,1
335.165058,0,328,49,0,0,0,0,0
595.595866,12,29,60,0,1,0,0,0
666.331013,41,59,81,0,0,0,0,1
253.7972425,0,4,0,0,0,0,1,0
252.307554,0,18,82,0,0,0,1,0
1274.9835,282,297,663,0,0,0,0,1
1141.90412,90,123,78,0,0,0,0,0
161.783368,0,11,87,0,0,0,1,0
545.384539,3,98,151,0,0,0,1,0
1698.04822,154,300,597,0,0,0,0,1
844.272591,59,263,463,0,0,0,0,0
2510.90649,131,257,369,0,0,0,1,0
574.1778226,0,42,25,0,0,0,1,0
510.42061,68,173,1697,0,0,0,1,0
762.555702,18,412,58,0,0,0,1,0
591.472582,8,99,109,0,0,0,1,0
1087.00898,30,61,40,0,0,0,1,0
1145.46976,43,149,769,0,0,0,0,0
738.022974,6,21,0,0,0,0,1,0
483.133189,7,84,27,0,0,0,1,0
859.303733,20,86,170,0,0,0,1,0
665.519349,21,152,806,0,0,0,0,0
851.4988432,12,19,12,0,0,0,1,0
255.2560549,0,41,8,0,0,0,1,0
430.7495623,0,31,30,0,0,0,0,0
505.1941515,18,5,56,0,0,0,0,0
467.4443784,0,58,0,0,0,0,1,0
292.9863592,0,23,70,0,0,0,1,0
189.3825127,0,24,41,0,0,0,1,0
620.0335867,12,59,94,0,0,0,0,0
695.797353,109,391,205,0,0,0,1,0
87.2294378,0,6,14,0,0,0,1,0
99.4917392,0,7,1,0,1,0,0,0
67.6976274,0,7,31,0,0,0,1,0
177.7620668,0,311,43,0,0,0,1,0
162.089688,0,10,6,0,0,0,0,1
243.6725754,0,49,1,0,0,0,1,0
891.421735,197,318,130,0,0,1,0,0
848.584962,183,204,29,0,0,1,0,0
811.2798428,68,159,209,0,0,0,1,0
582.0260608,0,90,31,0,0,0,0,0
404.219705,24,217,1447,1,0,0,0,0
667.865143,37,95,91,0,0,0,0,0
788.806044,0,243,911,0,0,0,0,1
252.3539815,0,47,28,0,1,0,0,0
112.419181,0,26,16,0,0,0,1,0
176.662971,0,14,2,0,1,0,0,0
401.571506,40,135,128,0,0,0,1,0
1644.70802,211,228,269,0,0,0,0,0
287.167643,0,19,10,0,1,0,0,0
91.9156232,0,102,114,0,0,0,0,1
167.8574514,0,29,10,0,0,0,1,0
236.121196,0,19,55,0,0,0,0,0
84.9270747,0,8,75,0,0,0,0,0
100.6135749,0,14,17,0,1,0,0,0
318.117948,0,22,0,0,0,0,1,0
68.530924,0,6,47,0,0,0,1,0
169.814595,0,32,33,0,0,0,0,1
312.839547,81,118,743,0,0,0,1,0
621.297926,83,206,408,0,0,0,1,0
91.975987,0,7,2,0,0,0,1,0
242.639899,5,8,2,0,0,0,1,0
124.254713,0,29,93,0,0,0,1,0
584.878704,12,78,149,0,0,0,0,1
223.938313,0,19,67,0,0,0,0,1
82.514462,0,7,28,0,1,0,0,0
258.935078,0,44,2,0,0,0,1,0
179.853,0,23,0,0,0,0,0,1
103.595987,0,9,20,0,1,0,0,0
141.222878,0,91,55,0,0,0,0,1
471.456689,42,53,7,0,0,0,0,1
124.7649222,0,43,55,0,0,0,1,0
148.657629,4,96,33,0,0,0,1,0
158.968707,14,17,21,0,0,0,1,0
274.53348,149,312,539,0,0,1,0,0
130.515414,0,20,52,0,0,0,1,0
211.542753,0,54,20,0,0,0,1,0
128.247419,0,25,36,0,0,0,0,1
131.1454922,0,23,35,0,0,0,0,1
143.794484,4,55,7,0,0,0,0,1
322.505596,99,205,86,0,0,1,0,0
2732.42037,735,1015,2051,0,0,0,0,1
818.558745,94,1098,1965,0,0,0,0,1
226.6691265,8,90,210,0,0,0,1,0
87.14896341,0,10,92,0,0,0,0,1
70.24737063,0,125,109,0,1,0,0,0
112.835654,14,100,96,0,0,0,0,1
165.574835,0,56,33,0,0,0,1,0
79.6126592,0,34,48,0,0,0,1,0
100.550253,0,36,13,0,0,0,0,1
167.940846,0,65,868,0,0,0,1,0
91.66016,0,32,24,0,0,0,1,0
43.9805195,0,7,64,0,0,0,0,1
133.30286,9,83,88,0,0,0,0,1
134.280636,30,91,303,0,1,0,0,0
86.6316241,0,20,26,0,0,0,1,0
152.42956,11,64,203,0,1,0,0,0
243.901405,0,47,43,0,0,0,0,1
1494.41396,269,448,1016,0,1,0,0,0
2070.15847,377,663,3806,0,0,0,0,0
1220.14765,283,640,572,0,1,0,0,0
228.849673,33,41,98,0,1,0,0,0
799.855592,155,358,523,0,0,0,0,0
185.325011,8,58,53,0,0,0,0,0
381.966462,0,132,1310,0,1,0,0,0
462.7141563,2,194,1008,0,0,0,0,0
209.209219,10,10,11,0,0,0,1,0
187.100507,26,25,225,0,1,0,0,0
138.981865,12,13,327,0,1,0,0,0
175.857053,0,12,10,0,1,0,0,0
124.143152,0,0,0,0,1,0,0,0
1842.73117,186,422,1692,0,0,0,0,1
1266.55511,112,800,1410,0,0,0,0,1
274.797914,0,69,96,0,1,0,0,0
2122.62135,933,1647,1039,0,0,0,0,1
2287.43131,63,3499,6593,0,1,0,0,0
182.278847,15,17,32,0,0,0,0,0
270.348439,13,49,22,0,0,0,0,1
258.712197,0,56,227,0,0,0,1,0
166.3498892,0,45,59,0,1,0,0,0
90.52187323,4,37,47,0,0,0,0,1
383.0195565,64,85,20,0,1,0,0,0
176.6499326,32,37,124,0,0,0,0,1
164.915472,0,47,1,0,0,0,0,1
50.091016,0,0,9,0,0,0,1,0
291.9485386,51,86,358,0,0,0,0,1
119.211224,0,0,42,0,0,0,0,1
979.725051,183,882,604,0,0,0,0,0
139.089351,0,9,8,0,1,0,0,0
144.733061,0,1,47,0,0,0,0,0
438.574468,47,196,110,0,0,0,0,0
71.7608152,0,174,1,0,0,0,0,0
554.133585,42,156,881,0,0,0,0,0
154.9351073,0,24,25,0,1,0,0,0
204.1318507,0,30,0,0,1,0,0,0
87.78930085,0,11,26,0,1,0,0,0
134.4977839,0,6,6,0,1,0,0,0
375.752652,93,149,173,0,0,0,0,0
128.803568,0,0,3,0,1,0,0,0
228.645583,0,29,0,0,1,0,0,0
55.7103736,0,0,2,0,1,0,0,0
464.698619,22,52,38,0,1,0,0,0
323.629373,10,55,122,0,1,0,0,0
60.8462929,0,0,7,0,1,0,0,0
290.460021,10,104,95,0,1,0,0,0
285.168668,17,80,161,0,1,0,0,0
338.039767,11,27,13,0,1,0,0,0
118.534271,0,7,21,0,1,0,0,0
135.41641,0,30,35,0,1,0,0,0
126.159005,0,0,49,0,1,0,0,0
142.013044,0,8,0,0,1,0,0,0
110.056512,0,19,15,0,1,0,0,0
400.133419,271,321,267,0,0,0,0,0
513.088029,371,498,632,0,0,0,0,0
201.321569,12,23,40,0,1,0,0,0
124.844563,0,17,46,0,1,0,0,0
512.468453,146,111,59,0,0,1,0,0
187.355426,0,62,57,0,0,0,1,0
157.514373,0,51,168,0,0,0,0,0
396.938486,30,99,219,0,0,0,1,0
627.893883,236,95,35,0,0,0,0,0
272.596032,23,68,48,0,0,0,1,0
214.610429,20,169,240,0,0,0,1,0
181.439267,17,165,281,0,0,0,1,0
43.9611115,0,64,14,0,0,0,0,0
387.6445,29,177,327,0,0,0,0,0
198.22301,0,194,23,0,0,0,1,0
39.43617104,0,57,21,0,0,0,0,1
86.85935529,0,17,35,0,0,0,0,1
48.81050021,0,49,30,0,0,0,0,1
77.46391042,0,16,12,0,0,0,1,0
175.523543,6,31,23,0,0,0,0,1
1029.92022,17,114,3319,0,0,0,1,0
151.856721,23,107,282,0,0,0,1,0
626.980321,143,35,135,0,1,0,0,0
1082.84365,377,224,201,0,1,0,0,0
215.572182,0,60,55,0,0,0,0,0
200.28365,0,44,12,0,0,0,1,0
583.444223,0,66,4977,0,0,0,0,1
245.8520149,41,26,75,0,0,0,0,1
60.1547258,0,2,30,0,0,0,0,1
1211.149443,359,131,215,0,0,0,1,0
209.225509,6,56,32,0,0,0,0,1
153.807077,0,25,53,0,0,0,1,0
1138.2947,228,1246,1412,0,0,0,0,0
558.788213,71,442,1304,0,0,0,1,0
641.03288,18,710,2927,0,0,0,0,0
554.222189,20,333,3212,0,0,0,0,0
181.750517,0,112,581,0,0,0,0,0
270.66581,0,82,99,0,0,0,0,0
181.538151,13,101,111,0,0,0,1,0
220.294527,18,25,107,0,0,0,0,0
69.04597134,0,23,150,0,0,0,0,0
84.4411527,0,39,27,0,0,0,1,0
41.46638855,0,31,63,0,0,0,0,0
270.463335,78,46,4,0,0,0,1,0
120.268249,0,58,778,0,0,0,1,0
525.516042,60,67,38,0,0,0,1,0
111.96968,0,38,10,0,0,0,0,1
158.712375,0,20,43,0,0,0,1,0
495.988686,11,132,208,0,0,0,1,0
306.932133,50,146,240,0,0,0,1,0
381.611544,50,246,849,0,0,0,1,0
385.552997,41,270,1254,0,0,0,1,0
171.9283557,0,31,101,0,1,0,0,0
161.654416,7,28,79,0,1,0,0,0
111.5812516,0,25,131,0,0,0,0,0
78.75910383,0,17,11,0,0,0,1,0
113.8268574,0,37,34,0,1,0,0,0
135.8822346,7,49,19,0,1,0,0,0
365.310567,69,423,1800,0,0,0,0,1
72.5950487,0,35,28,0,0,0,1,0
87.2543112,0,43,49,0,0,0,1,0
629.150066,68,227,373,0,0,0,1,0
103.287883,0,15,59,0,0,0,1,0
83.2329516,0,3,48,0,0,0,1,0
616.316919,14,175,100,0,0,0,1,0
106.0068291,0,57,126,0,0,0,1,0
100.6260452,0,30,225,0,0,0,1,0
141.780316,6,31,222,0,1,0,0,0
204.572489,0,106,29,0,0,0,0,1
334.756351,30,51,12,0,0,0,1,0
144.809352,11,16,16,0,1,0,0,0
75.7779983,0,40,70,0,0,0,1,0
325.678964,66,218,680,0,0,0,1,0
216.39084,21,58,158,0,0,0,1,0
323.8177771,24,165,106,0,0,0,0,0
231.888835,16,57,20,0,0,0,0,1
122.730204,0,88,26,0,0,0,1,0
257.632045,24,40,0,0,0,0,1,0
58.2337671,0,0,42,0,1,0,0,0
67.36076606,0,0,20,0,0,0,0,1
95.30654022,0,42,10,0,0,0,0,1
102.8360335,0,0,10,0,1,0,0,0
174.602322,0,161,63,0,0,0,0,1
52.458571,0,13,2,0,0,0,1,0
224.245901,59,48,12,0,0,0,1,0
337.630423,9,104,499,0,0,0,1,0
282.494751,44,200,29,0,0,0,1,0
163.167597,0,38,86,0,0,0,0,0
55.3094651,0,5,9,0,0,0,0,1
61.9113411,0,7,15,0,0,0,0,1
335.464204,30,22,0,0,1,0,0,0
155.511301,0,0,14,0,1,0,0,0
1152.62259,226,521,717,0,1,0,0,0
929.275108,258,233,688,0,0,0,0,0
231.380308,0,24,9,0,1,0,0,0
810.858224,70,48,459,1,0,0,0,0
469.54029,31,122,285,1,0,0,0,0
181.4384451,0,23,0,0,1,0,0,0
139.9154263,0,17,117,0,0,0,0,1
95.49435274,0,2,9,0,0,0,0,0
1285.758645,162,567,665,0,1,0,0,0
169.565081,0,42,42,0,0,0,1,0
848.260308,145,245,379,1,0,0,0,0
523.863146,41,248,124,1,0,0,0,0
237.975044,15,61,36,0,1,0,0,0
179.400823,0,27,17,0,1,0,0,0
173.159974,0,52,0,0,0,0,0,1
152.642115,6,21,33,0,1,0,0,0
327.401334,14,26,20,0,1,0,0,0
168.852058,15,61,36,0,1,0,0,0
330.520859,9,22,0,0,1,0,0,0
201.601936,0,31,5,0,1,0,0,0
249.098717,8,3,6,0,1,0,0,0
205.346242,0,31,42,0,0,0,1,0
381.033725,22,50,40,0,1,0,0,0
346.365702,3,23,20,0,1,0,0,0
74.0749639,0,147,116,0,0,0,0,1
194.003466,0,51,118,0,0,0,0,1
165.2694152,0,12,2,0,0,0,0,0
113.500886,0,0,1,0,1,0,0,0
141.408885,0,9,0,0,1,0,0,0
1771.51998,142,183,308,1,0,0,0,0
1366.02378,15,69,23,0,0,0,0,1
424.7374623,0,6,14,0,0,0,1,0
882.4096429,17,68,157,0,0,0,0,0
193.523731,0,13,42,0,1,0,0,0
281.604276,0,0,19,0,0,0,1,0
692.620052,0,50,1507,0,0,0,1,0
484.516218,14,24,220,0,0,0,0,1
822.539784,0,140,145,0,0,0,1,0
646.801704,7,86,151,0,0,0,0,0
526.525909,0,15,2,0,0,0,1,0
275.870318,0,6,3,0,0,0,1,0
1067.32931,76,179,245,0,0,0,1,0
461.006147,0,22,38,0,0,0,0,1
198.164178,0,5,12,0,0,0,1,0
217.643014,0,0,29,0,0,0,1,0
985.019317,42,129,70,0,0,0,0,0
2259.46011,237,170,36,0,0,0,1,0
532.6295009,0,8,9,0,0,0,0,1
181.828326,0,5,32,0,0,0,0,1
213.299831,0,12,87,0,0,0,0,1
154.40593,0,11,39,0,0,0,0,1
322.711235,0,23,7,0,0,0,0,1
320.554275,0,26,51,0,0,0,0,1
487.717405,0,89,20,0,0,0,0,0
546.6312757,0,84,6,0,1,0,0,0
849.2291861,0,16,21,0,1,0,0,0
418.074753,0,21,40,0,0,0,0,1
412.6913781,0,12,9,0,0,0,0,0
569.840234,6,154,208,0,0,0,1,0
470.008805,0,21,273,0,0,1,0,0
1587.60412,108,156,122,0,0,0,0,0
712.175916,27,191,168,0,0,0,0,0
288.700251,0,29,73,0,0,0,1,0
581.875064,0,77,79,0,0,0,0,1
1206.940638,22,47,73,0,0,0,1,0
643.8822297,0,25,15,0,0,0,0,0
417.8620633,0,8,6,0,0,0,0,0
552.073083,0,29,16,0,0,0,0,0
290.86317,0,0,15,0,0,0,0,0
285.163611,0,0,24,0,0,0,0,0
569.404886,0,13,27,0,0,0,0,0
663.613826,10,25,43,0,1,0,0,0
493.226906,0,66,31,0,0,0,0,1
517.166329,0,0,79,0,0,0,0,1
705.5377254,0,12,51,0,0,0,0,0
1768.39805,242,262,48,0,0,0,1,0
371.98105,0,0,19,0,0,0,0,1
1092.334891,5,34,24,0,0,0,0,1
421.1495752,0,0,9,0,1,0,0,0
414.880787,0,1,7,0,0,0,0,1
927.143389,23,49,37,0,0,0,1,0
808.583011,54,188,77,0,0,0,1,0
166.485653,0,0,35,0,0,0,1,0
414.203945,0,47,29,0,0,0,0,1
700.8765,14,66,31,0,0,0,1,0
620.820505,12,111,623,0,0,0,1,0
316.94327,0,15,74,0,0,0,0,0
299.393683,0,55,20,0,0,0,1,0
505.413187,0,45,108,0,0,0,1,0
445.2824985,0,0,7,0,1,0,0,0
425.9668276,0,1,30,0,0,0,0,1
387.986048,0,27,0,0,0,0,1,0
348.615399,0,10,6,0,0,0,0,0
1025.54172,0,58,138,0,0,0,1,0
723.1624246,7,24,29,0,0,0,1,0
1000.587142,0,17,34,0,0,0,0,1
624.9607373,0,6,65,0,0,0,1,0
1447.797293,11,48,95,0,0,0,0,1
247.6053426,0,9,2,0,0,0,1,0
364.3955031,0,0,7,0,0,0,0,0
235.858903,0,6,8,0,0,0,1,0
481.305458,4,74,14,0,0,0,1,0
2788.64876,98,179,302,0,0,0,0,1
5637.00737,380,354,42,0,1,0,0,0
2404.08787,78,70,43,0,1,0,0,0
1123.98215,0,68,69,0,1,0,0,0
1605.61609,21,123,305,0,0,0,0,0
1394.328419,8,38,33,0,1,0,0,0
1261.149274,14,45,47,0,1,0,0,0
612.9497041,0,18,17,0,1,0,0,0
1239.505329,0,23,27,0,0,0,0,0
793.4888057,0,38,46,0,1,0,0,0
1228.1415,0,32,11,0,0,0,0,0
1203.282211,11,40,10,0,1,0,0,0
304.6713533,0,5,28,0,0,0,0,1
1335.926438,0,40,36,0,1,0,0,0
739.7784463,0,31,98,0,1,0,0,0
1334.360614,0,23,111,0,1,0,0,0
877.1854341,0,39,11,0,1,0,0,0
668.938298,48,43,207,0,1,0,0,0
165.087478,0,0,4,0,0,0,0,1
2900.31694,264,518,242,0,1,0,0,0
215.02566,0,13,41,0,0,0,0,0
475.839244,0,21,4,0,1,0,0,0
1431.85098,6,333,223,0,0,1,0,0
1683.57049,38,163,123,0,0,1,0,0
1251.24631,8,50,83,0,0,0,0,0
1496.59179,29,197,153,0,0,0,1,0
1729.07647,37,76,107,0,0,0,1,0
352.1523414,0,3,9,0,0,0,1,0
1136.95855,7,117,75,0,0,0,1,0
218.148115,0,0,49,0,1,0,0,0
379.330981,0,153,38,0,0,0,0,1
580.299681,0,17,25,0,1,0,0,0
729.264406,0,0,39,0,1,0,0,0
742.246259,0,73,61,0,1,0,0,0
1599.07748,18,80,10,0,0,0,0,1
71.0888791,0,6,10,0,0,0,0,1
257.771069,6,35,8,0,0,0,1,0
550.343259,86,95,15,0,0,0,0,1
208.83811,0,19,29,0,0,0,1,0
843.620126,0,299,420,0,0,0,0,1
317.395623,0,20,0,0,0,0,1,0
234.316552,0,35,48,0,0,0,1,0
705.208182,27,23,16,0,1,0,0,0
261.088539,16,30,96,0,1,0,0,0
290.797693,13,46,24,0,0,0,1,0
142.555757,0,18,26,0,0,0,1,0
271.718693,0,17,0,0,1,0,0,0
390.7216,0,77,95,0,0,0,0,1
133.376081,0,10,24,0,1,0,0,0
631.148161,22,89,317,0,1,0,0,0
163.931525,7,17,64,0,0,0,1,0
163.461029,0,27,57,0,0,0,1,0
684.99173,61,46,0,0,1,0,0,0
256.683288,0,33,19,0,0,0,1,0
248.36385,0,36,3,0,0,0,1,0
281.804323,4,28,69,0,0,0,1,0
834.62134,24,32,8,0,0,0,0,1
662.235098,0,37,5,0,0,0,0,1
107.096757,0,49,39,0,0,0,1,0
346.06089,4,111,102,0,0,0,1,0
220.637442,0,14,0,0,0,0,0,1
347.487276,46,127,600,0,0,0,0,1
547.817835,46,262,219,0,0,0,1,0
246.653464,0,37,112,0,0,0,0,1
148.908004,0,20,69,0,0,0,0,1
210.128334,7,23,67,0,0,0,1,0
302.56649,0,77,194,0,0,0,0,1
114.264387,0,5,27,0,0,0,1,0
209.51553,0,66,24,0,0,0,0,1
560.386149,60,64,263,0,0,0,0,0
562.608936,95,58,61,0,0,0,0,1
302.905348,27,101,217,0,0,0,1,0
397.66354,0,48,4,0,0,0,1,0
470.339832,0,11,0,0,1,0,0,0
237.935354,0,0,3,0,1,0,0,0
543.414518,7,30,6,0,0,0,0,1
133.738749,23,44,292,0,0,0,0,0
88.493572,7,36,211,0,0,0,0,0
145.23743,0,64,428,0,0,0,1,0
644.682297,0,37,16,0,0,0,0,0
223.101332,79,230,258,0,0,0,0,1
126.219682,0,114,287,0,0,0,1,0
55.1506554,0,20,45,0,0,0,0,1
91.8170128,0,50,82,0,0,0,1,0
929.099906,15,94,261,0,0,0,0,1
128.078677,3,52,119,0,0,0,0,0
120.294403,0,36,87,0,0,0,1,0
359.294308,0,2,33,0,0,0,0,0
125.30555,0,2,24,0,0,0,0,0
65.9161363,0,17,15,0,0,0,0,1
40.0003706,0,0,29,0,0,0,0,1
634.127709,53,202,350,0,0,0,0,0
153.484509,0,1,36,0,0,0,0,1
71.6468263,0,60,55,0,0,1,0,0
63.0712982,10,82,50,0,1,0,0,0
82.3811724,11,18,44,0,1,0,0,0
160.452045,12,22,83,0,1,0,0,0
76.0556206,0,17,28,0,0,0,0,0
162.337619,0,34,52,0,0,0,1,0
107.017403,3,31,20,0,0,1,0,0
372.363967,101,208,379,0,0,0,1,0
193.090693,0,69,11,0,0,0,1,0
119.595308,6,16,79,0,0,0,1,0
94.9462611,0,88,175,0,0,0,1,0
694.02956,79,283,1053,0,0,0,1,0
411.878092,0,81,201,0,0,0,1,0
53.6669048,0,0,28,0,0,0,1,0
80.1147356,0,42,62,0,0,0,1,0
85.7594782,0,35,55,0,0,0,0,1
45.0644253,0,0,112,0,0,0,1,0
106.769795,0,101,273,0,0,0,1,0
2364.88605,580,594,417,0,0,0,0,0
385.109004,0,33,53,0,1,0,0,0
283.49189,0,33,53,0,1,0,0,0
921.124773,439,505,1554,0,0,0,0,0
342.821478,0,52,25,0,0,0,0,0
293.456207,119,64,144,0,0,0,0,0
292.941113,29,254,1698,0,0,1,0,0
138.746807,11,74,110,0,0,0,0,0
64.6524688,0,23,40,0,1,0,0,0
198.267804,0,83,111,0,0,0,0,0
349.090487,60,122,278,0,0,0,0,0
1052.25008,357,470,967,0,1,0,0,0
184.880183,53,256,233,0,0,0,0,0
75.4779758,4,23,22,0,0,1,0,0
512.065281,6,1372,6506,0,0,0,0,0
190.269053,0,32,74,0,0,0,0,0
226.584233,39,299,314,0,0,0,1,0
193.566273,14,207,209,0,0,0,1,0
503.477203,14,1189,3374,0,0,0,0,1
111.810755,0,14,4,0,0,0,1,0
137.281027,24,73,250,0,0,0,1,0
308.895229,64,295,499,0,0,0,1,0
47.022129,0,18,113,0,0,0,1,0
317.203792,70,61,3,0,0,0,1,0
281.120348,45,577,1629,0,0,0,1,0
251.839702,74,151,548,0,0,0,1,0
206.458349,15,400,1103,0,0,0,1,0
276.915659,33,606,1573,0,0,0,1,0
192.645272,14,428,998,0,0,0,1,0
166.17727,32,115,241,0,0,0,1,0
185.711357,38,123,178,0,0,0,1,0
224.392576,0,41,44,0,0,0,0,0
227.40212,54,159,271,0,0,0,1,0
187.534154,11,156,169,0,0,0,1,0
145.500408,22,358,355,0,0,0,1,0
180.448721,0,196,401,0,0,0,1,0
194.533037,58,137,497,0,0,0,1,0
90.9731161,0,76,394,0,0,0,1,0
771.858332,603,279,167,0,0,0,0,1
212.065334,0,30,110,0,0,0,1,0
93.2086127,0,10,1,0,0,0,1,0
95.8034803,8,43,195,0,0,0,0,1
1112.67807,1462,314,223,0,0,0,0,0
224.40319,28,22,47,0,0,0,1,0
146.837016,9,98,149,0,0,0,1,0
928.140442,967,169,48,0,0,0,0,0
152.745143,0,31,8,0,0,0,0,1
114.141944,0,38,80,0,0,0,1,0
41.5470527,0,0,22,0,0,0,0,1
399.030987,101,105,47,0,0,0,1,0
174.750548,0,79,90,0,0,0,1,0
47.9867777,0,0,77,0,0,0,0,1
391.482594,77,94,41,0,0,0,0,0
81.6460399,0,53,244,0,1,0,0,0
265.831521,27,128,6,0,0,0,0,0
142.223859,0,150,633,0,0,0,1,0
235.559147,0,89,21,0,0,0,1,0
122.710235,0,192,285,0,0,0,1,0
629.118209,15,1785,4482,0,0,0,0,1
98.3393354,12,38,105,0,1,0,0,0
163.972608,0,42,14,0,1,0,0,0
76.0753885,0,29,65,0,1,0,0,0
93.0385395,0,16,0,0,1,0,0,0
1402.45259,832,490,536,0,0,0,1,0
2206.94883,262,523,2871,0,0,0,1,0
1609.9218,142,277,224,0,0,0,1,0
1338.40397,299,875,3140,0,0,0,0,1
672.037798,20,222,817,0,0,0,1,0
587.9685,46,116,136,0,0,0,1,0
427.675782,30,112,1286,0,0,0,1,0
3671.24675,678,1054,2552,0,0,0,0,0
464.220114,16,21,38,0,1,0,0,0
547.324856,31,51,221,0,1,0,0,0
968.496227,70,32,24,0,1,0,0,0
206.995773,0,14,12,0,1,0,0,0
298.864182,12,6,18,0,1,0,0,0
679.310183,30,85,783,0,1,0,0,0
911.643882,66,52,167,0,1,0,0,0
360.768663,0,43,1264,0,0,0,1,0
212.234528,41,171,355,0,0,1,0,0
631.402702,120,790,332,0,0,1,0,0
131.151913,0,28,18,0,0,0,0,1
178.1356,0,22,0,0,0,0,0,1
70.7966899,0,8,7,0,0,0,1,0
139.825968,0,0,27,0,0,0,0,1
382.986854,81,280,494,0,0,0,0,1
143.931836,0,14,3,0,0,0,0,1
281.61041,31,88,287,0,0,0,0,1
139.470229,0,34,30,0,0,0,0,1
577.602117,257,526,802,0,0,0,0,1
58.958597,0,14,4,0,0,0,0,1
83.518074,0,6,28,0,0,0,1,0
852.200406,213,524,1124,0,0,0,1,0
136.790561,0,31,52,0,0,0,1,0
134.953822,0,26,33,0,0,0,0,1
85.2461379,0,22,47,0,0,0,1,0
137.234315,0,41,47,0,0,0,1,0
45.653351,0,22,26,0,0,0,1,0
914.555319,299,532,1020,0,0,0,1,0
242.329858,7,26,34,0,0,0,1,0
102.418157,0,24,9,0,0,0,1,0
211.60786,13,18,17,0,0,0,0,0
143.674424,0,20,11,0,0,0,0,0
119.857964,0,44,36,0,0,0,1,0
189.776474,46,22,84,0,0,0,1,0
275.449924,12,18,32,0,1,0,0,0
137.61948,0,44,80,0,0,0,0,0
208.185708,0,26,61,0,0,0,0,0
186.168231,19,15,63,0,1,0,0,0
181.762698,0,65,33,0,0,0,0,0
106.414521,3,60,60,0,1,0,0,0
61.7531255,0,19,16,0,1,0,0,0
88.3463407,0,57,20,0,0,1,0,0
231.993143,7,20,2,0,1,0,0,0
200.461491,9,211,361,0,0,1,0,0
94.1521027,5,18,11,0,1,0,0,0
239.78027,34,178,170,0,0,0,1,0
184.035847,0,31,30,0,0,0,1,0
159.665197,0,23,21,0,0,0,1,0
527.179854,74,27,4,0,0,1,0,0
116.64752,0,56,25,0,0,0,0,0
76.1509368,0,46,11,0,0,0,1,0
233.294093,0,33,106,0,1,0,0,0
205.073503,22,89,188,0,1,0,0,0
124.194291,11,105,104,0,0,0,0,0
222.151259,3,81,89,0,0,0,0,1
144.847855,0,44,33,0,1,0,0,0
490.277265,11,205,311,0,0,0,0,1
438.382506,25,149,37,0,0,0,0,1
176.568591,21,52,98,0,0,0,0,1
119.01572,3,51,39,0,0,0,0,1
359.599115,83,243,78,0,0,0,0,0
42.2824182,0,13,8,0,0,0,0,1
106.434876,0,64,24,0,0,0,0,1
485.915581,61,84,89,0,1,0,0,0
56.0060345,0,1,30,0,0,0,0,1
125.079385,13,46,55,0,1,0,0,0
316.884325,34,164,118,0,0,0,1,0
126.671244,0,49,13,0,0,0,0,1
472.666842,93,112,47,0,0,0,0,1
180.914281,0,42,52,0,1,0,0,0
217.45382,0,29,2,0,0,0,1,0
72.6570895,0,19,6,0,0,0,1,0
558.799135,168,507,741,0,0,0,1,0
116.037794,0,38,4,0,0,0,1,0
269.459314,47,243,171,0,0,0,1,0
37.7433809,0,0,25,0,0,0,1,0
349.606532,6,79,39,0,0,0,0,1
117.115874,0,37,31,0,1,0,0,0
739.271057,361,312,529,0,0,0,0,0
935.947226,41,108,5297,0,1,0,0,0
99.3466056,0,22,216,0,0,0,0,0
119.573777,0,75,166,0,0,0,0,1
130.325824,0,72,10,0,0,0,0,1
143.272037,0,14,46,0,0,0,0,1
154.494105,11,57,2,0,0,0,0,0
1112.24829,583,617,259,0,0,0,0,0
21.5340163,0,19,2,0,0,0,1,0
231.853295,24,93,166,0,0,0,0,1
274.445045,18,118,116,0,0,0,1,0
243.600124,0,14,17,0,0,0,1,0
67.6263155,0,21,10,0,1,0,0,0
99.3630081,0,0,6,0,0,0,1,0
282.295728,0,15,15,0,1,0,0,0
123.603708,0,23,3,0,1,0,0,0
83.5989258,0,10,1,0,1,0,0,0
868.220061,423,317,711,0,0,0,0,0
1229.46305,319,657,3717,0,0,0,1,0
978.238674,328,507,1100,0,0,0,1,0
201.874486,0,83,54,0,0,0,0,1
186.505639,16,75,53,0,0,0,0,1
1226.92654,439,1547,834,0,0,0,1,0
1353.30764,313,724,1785,0,0,0,1,0
202.216752,4,42,33,0,1,0,0,0
485.402133,43,58,44,0,1,0,0,0
188.683721,0,54,23,0,1,0,0,0
89.0552689,0,0,25,0,1,0,0,0
153.176952,0,25,8,0,1,0,0,0
163.328179,0,49,25,0,1,0,0,0
249.46644,0,12,302,0,0,0,0,0
299.626842,11,45,3,0,1,0,0,0
187.541193,6,2,19,0,0,0,1,0
85.777017,6,9,8,0,1,0,0,0
97.345533,0,23,43,0,0,0,0,1
110.03741,0,11,3,0,0,0,1,0
62.118647,0,1,35,0,0,0,0,1
152.059865,0,22,56,0,0,0,1,0
253.620337,22,19,146,0,0,0,0,0
273.763325,0,44,57,0,0,0,0,0
70.0608094,0,10,33,0,1,0,0,0
308.328635,20,11,0,0,1,0,0,0
421.726948,0,149,432,0,0,1,0,0
52.5436564,4,9,71,0,1,0,0,0
40.2436025,2,3,70,0,1,0,0,0
139.396316,14,82,12,0,0,0,1,0
59.6493577,0,16,7,0,0,0,1,0
101.660418,0,28,44,0,0,0,0,1
210.727349,8,56,46,0,0,0,0,1
293.748707,7,44,6,0,1,0,0,0
162.875281,14,17,58,0,1,0,0,0
366.642318,75,122,345,0,0,0,0,0
319.412061,28,24,42,0,1,0,0,0
141.042951,21,43,165,0,0,0,0,1
1034.63536,325,692,699,0,0,0,1,0
218.959159,0,86,113,0,0,0,0,0
139.253085,0,24,0,0,1,0,0,0
1152.48467,0,49,1217,0,0,0,0,1
99.2812371,0,7,8,0,0,0,1,0
127.511773,0,14,2,0,0,0,1,0
143.398033,15,36,129,0,1,0,0,0
100.280707,15,36,129,0,1,0,0,0
122.299804,0,28,2,0,1,0,0,0
1109.44447,171,464,655,0,1,0,0,0
265.379184,0,20,6,0,0,0,1,0
233.6567,9,78,92,0,0,1,0,0
110.556387,0,15,38,0,1,0,0,0
395.727756,24,52,240,0,0,0,0,0
241.406518,0,29,48,0,0,0,1,0
329.085223,35,22,171,0,1,0,0,0
237.21939,12,43,74,0,0,0,0,1
140.744089,0,12,10,0,0,0,0,1
133.958597,0,14,0,0,0,0,0,1
202.157611,0,23,31,0,1,0,0,0
119.963142,0,15,10,0,0,0,0,1
392.261124,0,24,0,0,1,0,0,0
430.877028,12,49,46,0,0,0,0,0
458.512101,11,100,303,0,0,0,0,0
525.667515,26,132,50,0,0,0,0,0
222.442751,17,51,197,0,0,0,0,0
297.100077,10,5,14,0,1,0,0,0
719.080882,22,86,204,0,0,1,0,0
350.584093,28,67,95,0,0,0,0,0
368.650368,17,28,129,0,0,1,0,0
273.172216,0,18,18,0,0,0,0,0
392.198254,0,46,29,0,0,0,1,0
412.407688,0,56,6,0,0,0,1,0
258.541665,0,13,0,0,0,0,1,0
1246.02019,173,194,93,0,0,0,0,1
268.871333,50,141,315,0,0,0,1,0
230.308162,7,26,39,0,0,0,1,0
364.862527,23,38,54,0,0,0,1,0
212.714221,0,28,48,0,0,0,0,1
490.251111,14,32,13,0,0,0,0,1
392.265811,20,54,127,0,0,0,0,1
130.143782,0,0,43,0,0,0,1,0
512.259159,0,73,44,0,0,0,0,1
50.4750155,0,0,9,0,0,0,1,0
908.687009,65,160,100,0,0,0,1,0
116.851813,3,15,49,0,0,0,1,0
515.515893,7,39,12,0,0,0,0,1
310.558835,0,16,9,0,1,0,0,0
310.666526,6,29,4,0,0,0,1,0
450.632968,9,43,76,0,1,0,0,0
604.193748,103,231,345,1,0,0,0,0
169.056264,0,49,300,0,0,0,0,0
98.1157426,0,0,17,0,1,0,0,0
207.128334,15,8,71,0,1,0,0,0
214.964378,0,46,154,0,0,0,0,0
237.621528,0,17,1,0,1,0,0,0
425.83298,14,96,30,0,0,0,1,0
225.749648,0,20,76,0,1,0,0,0
185.375804,0,29,17,0,1,0,0,0
237.80183,7,22,7,0,1,0,0,0
111.509608,0,18,160,0,0,0,0,0
1231.46279,145,537,3489,0,0,0,0,0
123.994217,0,18,8,0,1,0,0,0
310.762002,0,6,56,0,0,0,0,0
265.933338,0,28,48,0,0,0,0,1
362.590317,15,26,14,0,0,0,1,0
381.719343,44,59,331,0,0,0,1,0
244.219726,9,15,44,0,0,0,1,0
282.037503,0,22,23,0,0,0,1,0
536.4057,78,270,2261,0,0,0,0,1
190.240037,0,101,221,0,0,0,1,0
234.096614,0,63,95,0,1,0,0,0
174.77387,0,0,13,0,0,0,0,1
86.0353176,0,22,57,0,0,0,1,0
103.674401,0,41,72,0,0,0,1,0
479.539475,68,107,1069,0,0,0,0,0
461.334046,33,65,120,0,0,0,1,0
243.305715,11,35,8,0,0,0,0,0
774.554429,271,420,899,0,0,0,0,0
196.076972,0,27,6,0,0,0,0,0
82.1054638,0,7,9,0,0,0,0,0
630.862697,61,443,3367,0,1,0,0,0
446.97388,8,26,9,0,0,0,0,1
159.291858,0,18,12,0,0,0,0,0
250.722494,8,31,12,0,1,0,0,0
298.184474,6,52,61,0,1,0,0,0
200.567906,0,18,7,0,1,0,0,0
174.266195,17,21,47,0,0,0,0,0
